Response ID,age,distr,Question ID,Answer,Option1,Option2,Option3,Option4,Option5
R_3DYWGifuvL5fl12,20,4,remote_wdot_q1 - .,3,0,0,1,0,0
R_8XhW6eGzhkWL3Ov,21,4,remote_wdot_q1 - .,3,0,0,1,0,0
R_3AFqXtzplx5MIQN,21,4,remote_wdot_q1 - .,3,0,0,1,0,0
R_4ttDgD9YLS4mpBM,47,4,remote_wdot_q1 - .,5,0,0,0,0,1
R_4rwkKGDJKak04rS,42,4,remote_wdot_q1 - .,4,0,0,0,1,0
R_4nln6h6pbte3TAT,27,4,remote_wdot_q1 - .,5,0,0,0,0,1
R_3pX1aRVzXGtQEnA,20,4,remote_wdot_q1 - .,3,0,0,1,0,0
R_8RmX1kXZvyuSHAa,23,4,remote_wdot_q1 - .,3,0,0,1,0,0
R_6LC1TaErxwlm9wV,47,4,remote_wdot_q1 - .,3,0,0,1,0,0
R_4LX8Z3Ge96cImJS,52,4,remote_wdot_q1 - .,3,0,0,1,0,0
R_2fpxDwywr8phdhp,38,4,remote_wdot_q1 - .,4,0,0,0,1,0
R_2L5tTdJnDai9NOw,34,4,remote_wdot_q1 - .,2,0,1,0,0,0
R_3DYWGifuvL5fl12,20,4,close_nodot_q2 - .,3,0,0,1,0,0
R_8XhW6eGzhkWL3Ov,21,4,close_nodot_q2 - .,3,0,0,1,0,0
R_3AFqXtzplx5MIQN,21,4,close_nodot_q2 - .,3,0,0,1,0,0
R_4ttDgD9YLS4mpBM,47,4,close_nodot_q2 - .,4,0,0,0,1,0
R_4rwkKGDJKak04rS,42,4,close_nodot_q2 - .,4,0,0,0,1,0
R_4nln6h6pbte3TAT,27,4,close_nodot_q2 - .,4,0,0,0,1,0
R_3pX1aRVzXGtQEnA,20,4,close_nodot_q2 - .,5,0,0,0,0,1
R_8RmX1kXZvyuSHAa,23,4,close_nodot_q2 - .,3,0,0,1,0,0
R_6LC1TaErxwlm9wV,47,4,close_nodot_q2 - .,3,0,0,1,0,0
R_4LX8Z3Ge96cImJS,52,4,close_nodot_q2 - .,3,0,0,1,0,0
R_2fpxDwywr8phdhp,38,4,close_nodot_q2 - .,3,0,0,1,0,0
R_2L5tTdJnDai9NOw,34,4,close_nodot_q2 - .,3,0,0,1,0,0
R_3DYWGifuvL5fl12,20,4,remote_nodot_q3 - .,2,0,1,0,0,0
R_8XhW6eGzhkWL3Ov,21,4,remote_nodot_q3 - .,3,0,0,1,0,0
R_3AFqXtzplx5MIQN,21,4,remote_nodot_q3 - .,4,0,0,0,1,0
R_4ttDgD9YLS4mpBM,47,4,remote_nodot_q3 - .,5,0,0,0,0,1
R_4rwkKGDJKak04rS,42,4,remote_nodot_q3 - .,4,0,0,0,1,0
R_4nln6h6pbte3TAT,27,4,remote_nodot_q3 - .,4,0,0,0,1,0
R_3pX1aRVzXGtQEnA,20,4,remote_nodot_q3 - .,5,0,0,0,0,1
R_8RmX1kXZvyuSHAa,23,4,remote_nodot_q3 - .,4,0,0,0,1,0
R_6LC1TaErxwlm9wV,47,4,remote_nodot_q3 - .,3,0,0,1,0,0
R_4LX8Z3Ge96cImJS,52,4,remote_nodot_q3 - .,3,0,0,1,0,0
R_2fpxDwywr8phdhp,38,4,remote_nodot_q3 - .,3,0,0,1,0,0
R_2L5tTdJnDai9NOw,34,4,remote_nodot_q3 - .,4,0,0,0,1,0
R_3DYWGifuvL5fl12,20,4,close_wdot_q4 - .,2,0,1,0,0,0
R_8XhW6eGzhkWL3Ov,21,4,close_wdot_q4 - .,3,0,0,1,0,0
R_3AFqXtzplx5MIQN,21,4,close_wdot_q4 - .,4,0,0,0,1,0
R_4ttDgD9YLS4mpBM,47,4,close_wdot_q4 - .,5,0,0,0,0,1
R_4rwkKGDJKak04rS,42,4,close_wdot_q4 - .,4,0,0,0,1,0
R_4nln6h6pbte3TAT,27,4,close_wdot_q4 - .,4,0,0,0,1,0
R_3pX1aRVzXGtQEnA,20,4,close_wdot_q4 - .,5,0,0,0,0,1
R_8RmX1kXZvyuSHAa,23,4,close_wdot_q4 - .,4,0,0,0,1,0
R_6LC1TaErxwlm9wV,47,4,close_wdot_q4 - .,3,0,0,1,0,0
R_4LX8Z3Ge96cImJS,52,4,close_wdot_q4 - .,3,0,0,1,0,0
R_2fpxDwywr8phdhp,38,4,close_wdot_q4 - .,4,0,0,0,1,0
R_2L5tTdJnDai9NOw,34,4,close_wdot_q4 - .,3,0,0,1,0,0
R_3DYWGifuvL5fl12,20,4,remote_wdot_q5 - .,3,0,0,1,0,0
R_8XhW6eGzhkWL3Ov,21,4,remote_wdot_q5 - .,3,0,0,1,0,0
R_3AFqXtzplx5MIQN,21,4,remote_wdot_q5 - .,3,0,0,1,0,0
R_4ttDgD9YLS4mpBM,47,4,remote_wdot_q5 - .,5,0,0,0,0,1
R_4rwkKGDJKak04rS,42,4,remote_wdot_q5 - .,2,0,1,0,0,0
R_4nln6h6pbte3TAT,27,4,remote_wdot_q5 - .,5,0,0,0,0,1
R_3pX1aRVzXGtQEnA,20,4,remote_wdot_q5 - .,5,0,0,0,0,1
R_8RmX1kXZvyuSHAa,23,4,remote_wdot_q5 - .,4,0,0,0,1,0
R_6LC1TaErxwlm9wV,47,4,remote_wdot_q5 - .,3,0,0,1,0,0
R_4LX8Z3Ge96cImJS,52,4,remote_wdot_q5 - .,3,0,0,1,0,0
R_2fpxDwywr8phdhp,38,4,remote_wdot_q5 - .,4,0,0,0,1,0
R_2L5tTdJnDai9NOw,34,4,remote_wdot_q5 - .,3,0,0,1,0,0
R_3DYWGifuvL5fl12,20,4,close_nodot_q6 - .,3,0,0,1,0,0
R_8XhW6eGzhkWL3Ov,21,4,close_nodot_q6 - .,3,0,0,1,0,0
R_3AFqXtzplx5MIQN,21,4,close_nodot_q6 - .,3,0,0,1,0,0
R_4ttDgD9YLS4mpBM,47,4,close_nodot_q6 - .,5,0,0,0,0,1
R_4rwkKGDJKak04rS,42,4,close_nodot_q6 - .,4,0,0,0,1,0
R_4nln6h6pbte3TAT,27,4,close_nodot_q6 - .,5,0,0,0,0,1
R_3pX1aRVzXGtQEnA,20,4,close_nodot_q6 - .,3,0,0,1,0,0
R_8RmX1kXZvyuSHAa,23,4,close_nodot_q6 - .,3,0,0,1,0,0
R_6LC1TaErxwlm9wV,47,4,close_nodot_q6 - .,3,0,0,1,0,0
R_4LX8Z3Ge96cImJS,52,4,close_nodot_q6 - .,3,0,0,1,0,0
R_2fpxDwywr8phdhp,38,4,close_nodot_q6 - .,3,0,0,1,0,0
R_2L5tTdJnDai9NOw,34,4,close_nodot_q6 - .,3,0,0,1,0,0
R_3DYWGifuvL5fl12,20,4,remote_nodot_q7 - .,3,0,0,1,0,0
R_8XhW6eGzhkWL3Ov,21,4,remote_nodot_q7 - .,3,0,0,1,0,0
R_3AFqXtzplx5MIQN,21,4,remote_nodot_q7 - .,3,0,0,1,0,0
R_4ttDgD9YLS4mpBM,47,4,remote_nodot_q7 - .,5,0,0,0,0,1
R_4rwkKGDJKak04rS,42,4,remote_nodot_q7 - .,4,0,0,0,1,0
R_4nln6h6pbte3TAT,27,4,remote_nodot_q7 - .,5,0,0,0,0,1
R_3pX1aRVzXGtQEnA,20,4,remote_nodot_q7 - .,5,0,0,0,0,1
R_8RmX1kXZvyuSHAa,23,4,remote_nodot_q7 - .,3,0,0,1,0,0
R_6LC1TaErxwlm9wV,47,4,remote_nodot_q7 - .,3,0,0,1,0,0
R_4LX8Z3Ge96cImJS,52,4,remote_nodot_q7 - .,3,0,0,1,0,0
R_2fpxDwywr8phdhp,38,4,remote_nodot_q7 - .,3,0,0,1,0,0
R_2L5tTdJnDai9NOw,34,4,remote_nodot_q7 - .,3,0,0,1,0,0
R_3DYWGifuvL5fl12,20,4,close_wdot_q8 - .,2,0,1,0,0,0
R_8XhW6eGzhkWL3Ov,21,4,close_wdot_q8 - .,3,0,0,1,0,0
R_3AFqXtzplx5MIQN,21,4,close_wdot_q8 - .,3,0,0,1,0,0
R_4ttDgD9YLS4mpBM,47,4,close_wdot_q8 - .,5,0,0,0,0,1
R_4rwkKGDJKak04rS,42,4,close_wdot_q8 - .,5,0,0,0,0,1
R_4nln6h6pbte3TAT,27,4,close_wdot_q8 - .,5,0,0,0,0,1
R_3pX1aRVzXGtQEnA,20,4,close_wdot_q8 - .,5,0,0,0,0,1
R_8RmX1kXZvyuSHAa,23,4,close_wdot_q8 - .,3,0,0,1,0,0
R_28ZJ8Qg6p6VIvX7,21,2,close_wdot_q8 - .,3,0,0,1,0,0
R_6LC1TaErxwlm9wV,47,4,close_wdot_q8 - .,3,0,0,1,0,0
R_4LX8Z3Ge96cImJS,52,4,close_wdot_q8 - .,3,0,0,1,0,0
R_2fpxDwywr8phdhp,38,4,close_wdot_q8 - .,3,0,0,1,0,0
R_2L5tTdJnDai9NOw,34,4,close_wdot_q8 - .,3,0,0,1,0,0
R_3DYWGifuvL5fl12,20,4,remote_wdot_q9 - .,3,0,0,1,0,0
R_8XhW6eGzhkWL3Ov,21,4,remote_wdot_q9 - .,3,0,0,1,0,0
R_3AFqXtzplx5MIQN,21,4,remote_wdot_q9 - .,3,0,0,1,0,0
R_4ttDgD9YLS4mpBM,47,4,remote_wdot_q9 - .,5,0,0,0,0,1
R_4rwkKGDJKak04rS,42,4,remote_wdot_q9 - .,4,0,0,0,1,0
R_4nln6h6pbte3TAT,27,4,remote_wdot_q9 - .,5,0,0,0,0,1
R_3pX1aRVzXGtQEnA,20,4,remote_wdot_q9 - .,3,0,0,1,0,0
R_8RmX1kXZvyuSHAa,23,4,remote_wdot_q9 - .,3,0,0,1,0,0
R_6LC1TaErxwlm9wV,47,4,remote_wdot_q9 - .,3,0,0,1,0,0
R_4LX8Z3Ge96cImJS,52,4,remote_wdot_q9 - .,3,0,0,1,0,0
R_2fpxDwywr8phdhp,38,4,remote_wdot_q9 - .,3,0,0,1,0,0
R_2L5tTdJnDai9NOw,34,4,remote_wdot_q9 - .,2,0,1,0,0,0
R_3DYWGifuvL5fl12,20,4,close_nodot_q10 - .,3,0,0,1,0,0
R_8XhW6eGzhkWL3Ov,21,4,close_nodot_q10 - .,3,0,0,1,0,0
R_3AFqXtzplx5MIQN,21,4,close_nodot_q10 - .,1,1,0,0,0,0
R_4ttDgD9YLS4mpBM,47,4,close_nodot_q10 - .,4,0,0,0,1,0
R_4rwkKGDJKak04rS,42,4,close_nodot_q10 - .,4,0,0,0,1,0
R_4nln6h6pbte3TAT,27,4,close_nodot_q10 - .,4,0,0,0,1,0
R_3pX1aRVzXGtQEnA,20,4,close_nodot_q10 - .,5,0,0,0,0,1
R_8RmX1kXZvyuSHAa,23,4,close_nodot_q10 - .,3,0,0,1,0,0
R_6LC1TaErxwlm9wV,47,4,close_nodot_q10 - .,4,0,0,0,1,0
R_4LX8Z3Ge96cImJS,52,4,close_nodot_q10 - .,3,0,0,1,0,0
R_2fpxDwywr8phdhp,38,4,close_nodot_q10 - .,4,0,0,0,1,0
R_2L5tTdJnDai9NOw,34,4,close_nodot_q10 - .,3,0,0,1,0,0
R_3DYWGifuvL5fl12,20,4,remote_nodot_q11 - .,3,0,0,1,0,0
R_8XhW6eGzhkWL3Ov,21,4,remote_nodot_q11 - .,3,0,0,1,0,0
R_3AFqXtzplx5MIQN,21,4,remote_nodot_q11 - .,3,0,0,1,0,0
R_4ttDgD9YLS4mpBM,47,4,remote_nodot_q11 - .,5,0,0,0,0,1
R_4rwkKGDJKak04rS,42,4,remote_nodot_q11 - .,4,0,0,0,1,0
R_4nln6h6pbte3TAT,27,4,remote_nodot_q11 - .,5,0,0,0,0,1
R_3pX1aRVzXGtQEnA,20,4,remote_nodot_q11 - .,4,0,0,0,1,0
R_8RmX1kXZvyuSHAa,23,4,remote_nodot_q11 - .,3,0,0,1,0,0
R_6LC1TaErxwlm9wV,47,4,remote_nodot_q11 - .,3,0,0,1,0,0
R_4LX8Z3Ge96cImJS,52,4,remote_nodot_q11 - .,3,0,0,1,0,0
R_2fpxDwywr8phdhp,38,4,remote_nodot_q11 - .,3,0,0,1,0,0
R_2L5tTdJnDai9NOw,34,4,remote_nodot_q11 - .,3,0,0,1,0,0
R_3DYWGifuvL5fl12,20,4,close_wdot_q12 - .,2,0,1,0,0,0
R_8XhW6eGzhkWL3Ov,21,4,close_wdot_q12 - .,2,0,1,0,0,0
R_3AFqXtzplx5MIQN,21,4,close_wdot_q12 - .,3,0,0,1,0,0
R_4ttDgD9YLS4mpBM,47,4,close_wdot_q12 - .,3,0,0,1,0,0
R_4rwkKGDJKak04rS,42,4,close_wdot_q12 - .,4,0,0,0,1,0
R_4nln6h6pbte3TAT,27,4,close_wdot_q12 - .,4,0,0,0,1,0
R_3pX1aRVzXGtQEnA,20,4,close_wdot_q12 - .,3,0,0,1,0,0
R_8RmX1kXZvyuSHAa,23,4,close_wdot_q12 - .,3,0,0,1,0,0
R_6LC1TaErxwlm9wV,47,4,close_wdot_q12 - .,3,0,0,1,0,0
R_4LX8Z3Ge96cImJS,52,4,close_wdot_q12 - .,3,0,0,1,0,0
R_2fpxDwywr8phdhp,38,4,close_wdot_q12 - .,3,0,0,1,0,0
R_2L5tTdJnDai9NOw,34,4,close_wdot_q12 - .,3,0,0,1,0,0
R_3DYWGifuvL5fl12,20,4,remote_wdot_q13 - .,2,0,1,0,0,0
R_8XhW6eGzhkWL3Ov,21,4,remote_wdot_q13 - .,2,0,1,0,0,0
R_3AFqXtzplx5MIQN,21,4,remote_wdot_q13 - .,3,0,0,1,0,0
R_4ttDgD9YLS4mpBM,47,4,remote_wdot_q13 - .,2,0,1,0,0,0
R_4rwkKGDJKak04rS,42,4,remote_wdot_q13 - .,2,0,1,0,0,0
R_4nln6h6pbte3TAT,27,4,remote_wdot_q13 - .,4,0,0,0,1,0
R_3pX1aRVzXGtQEnA,20,4,remote_wdot_q13 - .,3,0,0,1,0,0
R_8RmX1kXZvyuSHAa,23,4,remote_wdot_q13 - .,2,0,1,0,0,0
R_6LC1TaErxwlm9wV,47,4,remote_wdot_q13 - .,3,0,0,1,0,0
R_4LX8Z3Ge96cImJS,52,4,remote_wdot_q13 - .,3,0,0,1,0,0
R_2fpxDwywr8phdhp,38,4,remote_wdot_q13 - .,3,0,0,1,0,0
R_2L5tTdJnDai9NOw,34,4,remote_wdot_q13 - .,2,0,1,0,0,0
R_3DYWGifuvL5fl12,20,4,close_nodot_q14 - .,3,0,0,1,0,0
R_8XhW6eGzhkWL3Ov,21,4,close_nodot_q14 - .,1,1,0,0,0,0
R_3AFqXtzplx5MIQN,21,4,close_nodot_q14 - .,2,0,1,0,0,0
R_4ttDgD9YLS4mpBM,47,4,close_nodot_q14 - .,4,0,0,0,1,0
R_4rwkKGDJKak04rS,42,4,close_nodot_q14 - .,4,0,0,0,1,0
R_4nln6h6pbte3TAT,27,4,close_nodot_q14 - .,4,0,0,0,1,0
R_3pX1aRVzXGtQEnA,20,4,close_nodot_q14 - .,4,0,0,0,1,0
R_8RmX1kXZvyuSHAa,23,4,close_nodot_q14 - .,2,0,1,0,0,0
R_6LC1TaErxwlm9wV,47,4,close_nodot_q14 - .,3,0,0,1,0,0
R_4LX8Z3Ge96cImJS,52,4,close_nodot_q14 - .,3,0,0,1,0,0
R_2fpxDwywr8phdhp,38,4,close_nodot_q14 - .,3,0,0,1,0,0
R_2L5tTdJnDai9NOw,34,4,close_nodot_q14 - .,1,1,0,0,0,0
R_3DYWGifuvL5fl12,20,4,remote_nodot_q15 - .,3,0,0,1,0,0
R_8XhW6eGzhkWL3Ov,21,4,remote_nodot_q15 - .,3,0,0,1,0,0
R_3AFqXtzplx5MIQN,21,4,remote_nodot_q15 - .,3,0,0,1,0,0
R_4ttDgD9YLS4mpBM,47,4,remote_nodot_q15 - .,5,0,0,0,0,1
R_4rwkKGDJKak04rS,42,4,remote_nodot_q15 - .,4,0,0,0,1,0
R_4nln6h6pbte3TAT,27,4,remote_nodot_q15 - .,5,0,0,0,0,1
R_3pX1aRVzXGtQEnA,20,4,remote_nodot_q15 - .,5,0,0,0,0,1
R_8RmX1kXZvyuSHAa,23,4,remote_nodot_q15 - .,3,0,0,1,0,0
R_6LC1TaErxwlm9wV,47,4,remote_nodot_q15 - .,3,0,0,1,0,0
R_4LX8Z3Ge96cImJS,52,4,remote_nodot_q15 - .,3,0,0,1,0,0
R_2fpxDwywr8phdhp,38,4,remote_nodot_q15 - .,3,0,0,1,0,0
R_2L5tTdJnDai9NOw,34,4,remote_nodot_q15 - .,3,0,0,1,0,0
R_3DYWGifuvL5fl12,20,4,close_wdot_q16 - .,2,0,1,0,0,0
R_8XhW6eGzhkWL3Ov,21,4,close_wdot_q16 - .,3,0,0,1,0,0
R_3AFqXtzplx5MIQN,21,4,close_wdot_q16 - .,2,0,1,0,0,0
R_4ttDgD9YLS4mpBM,47,4,close_wdot_q16 - .,5,0,0,0,0,1
R_4rwkKGDJKak04rS,42,4,close_wdot_q16 - .,4,0,0,0,1,0
R_4nln6h6pbte3TAT,27,4,close_wdot_q16 - .,5,0,0,0,0,1
R_3pX1aRVzXGtQEnA,20,4,close_wdot_q16 - .,3,0,0,1,0,0
R_8RmX1kXZvyuSHAa,23,4,close_wdot_q16 - .,3,0,0,1,0,0
R_6LC1TaErxwlm9wV,47,4,close_wdot_q16 - .,4,0,0,0,1,0
R_4LX8Z3Ge96cImJS,52,4,close_wdot_q16 - .,3,0,0,1,0,0
R_2fpxDwywr8phdhp,38,4,close_wdot_q16 - .,4,0,0,0,1,0
R_2L5tTdJnDai9NOw,34,4,close_wdot_q16 - .,2,0,1,0,0,0
R_3DYWGifuvL5fl12,20,4,filler_1_positive - .,4,0,0,0,1,0
R_8XhW6eGzhkWL3Ov,21,4,filler_1_positive - .,4,0,0,0,1,0
R_3AFqXtzplx5MIQN,21,4,filler_1_positive - .,5,0,0,0,0,1
R_4ttDgD9YLS4mpBM,47,4,filler_1_positive - .,5,0,0,0,0,1
R_4rwkKGDJKak04rS,42,4,filler_1_positive - .,4,0,0,0,1,0
R_4nln6h6pbte3TAT,27,4,filler_1_positive - .,5,0,0,0,0,1
R_3pX1aRVzXGtQEnA,20,4,filler_1_positive - .,5,0,0,0,0,1
R_8RmX1kXZvyuSHAa,23,4,filler_1_positive - .,5,0,0,0,0,1
R_6LC1TaErxwlm9wV,47,4,filler_1_positive - .,5,0,0,0,0,1
R_4LX8Z3Ge96cImJS,52,4,filler_1_positive - .,5,0,0,0,0,1
R_2fpxDwywr8phdhp,38,4,filler_1_positive - .,5,0,0,0,0,1
R_2L5tTdJnDai9NOw,34,4,filler_1_positive - .,5,0,0,0,0,1
R_3DYWGifuvL5fl12,20,4,filler_2_positive - .,5,0,0,0,0,1
R_8XhW6eGzhkWL3Ov,21,4,filler_2_positive - .,5,0,0,0,0,1
R_3AFqXtzplx5MIQN,21,4,filler_2_positive - .,5,0,0,0,0,1
R_4ttDgD9YLS4mpBM,47,4,filler_2_positive - .,5,0,0,0,0,1
R_4rwkKGDJKak04rS,42,4,filler_2_positive - .,4,0,0,0,1,0
R_4nln6h6pbte3TAT,27,4,filler_2_positive - .,5,0,0,0,0,1
R_3pX1aRVzXGtQEnA,20,4,filler_2_positive - .,5,0,0,0,0,1
R_8RmX1kXZvyuSHAa,23,4,filler_2_positive - .,5,0,0,0,0,1
R_6LC1TaErxwlm9wV,47,4,filler_2_positive - .,5,0,0,0,0,1
R_4LX8Z3Ge96cImJS,52,4,filler_2_positive - .,5,0,0,0,0,1
R_2fpxDwywr8phdhp,38,4,filler_2_positive - .,5,0,0,0,0,1
R_2L5tTdJnDai9NOw,34,4,filler_2_positive - .,5,0,0,0,0,1
R_3DYWGifuvL5fl12,20,4,filler_3_negative - .,1,1,0,0,0,0
R_8XhW6eGzhkWL3Ov,21,4,filler_3_negative - .,1,1,0,0,0,0
R_3AFqXtzplx5MIQN,21,4,filler_3_negative - .,1,1,0,0,0,0
R_4ttDgD9YLS4mpBM,47,4,filler_3_negative - .,2,0,1,0,0,0
R_4rwkKGDJKak04rS,42,4,filler_3_negative - .,1,1,0,0,0,0
R_4nln6h6pbte3TAT,27,4,filler_3_negative - .,1,1,0,0,0,0
R_3pX1aRVzXGtQEnA,20,4,filler_3_negative - .,2,0,1,0,0,0
R_8RmX1kXZvyuSHAa,23,4,filler_3_negative - .,1,1,0,0,0,0
R_28ZJ8Qg6p6VIvX7,21,2,filler_3_negative - .,3,0,0,1,0,0
R_6LC1TaErxwlm9wV,47,4,filler_3_negative - .,1,1,0,0,0,0
R_4LX8Z3Ge96cImJS,52,4,filler_3_negative - .,1,1,0,0,0,0
R_2fpxDwywr8phdhp,38,4,filler_3_negative - .,1,1,0,0,0,0
R_2L5tTdJnDai9NOw,34,4,filler_3_negative - .,1,1,0,0,0,0
R_3DYWGifuvL5fl12,20,4,filler_4_negative - .,1,1,0,0,0,0
R_8XhW6eGzhkWL3Ov,21,4,filler_4_negative - .,1,1,0,0,0,0
R_3AFqXtzplx5MIQN,21,4,filler_4_negative - .,1,1,0,0,0,0
R_4ttDgD9YLS4mpBM,47,4,filler_4_negative - .,2,0,1,0,0,0
R_4rwkKGDJKak04rS,42,4,filler_4_negative - .,2,0,1,0,0,0
R_4nln6h6pbte3TAT,27,4,filler_4_negative - .,1,1,0,0,0,0
R_3pX1aRVzXGtQEnA,20,4,filler_4_negative - .,3,0,0,1,0,0
R_8RmX1kXZvyuSHAa,23,4,filler_4_negative - .,1,1,0,0,0,0
R_6LC1TaErxwlm9wV,47,4,filler_4_negative - .,1,1,0,0,0,0
R_4LX8Z3Ge96cImJS,52,4,filler_4_negative - .,1,1,0,0,0,0
R_2fpxDwywr8phdhp,38,4,filler_4_negative - .,1,1,0,0,0,0
R_2L5tTdJnDai9NOw,34,4,filler_4_negative - .,1,1,0,0,0,0
R_3DYWGifuvL5fl12,20,4,filler_5_positive - .,5,0,0,0,0,1
R_8XhW6eGzhkWL3Ov,21,4,filler_5_positive - .,4,0,0,0,1,0
R_3AFqXtzplx5MIQN,21,4,filler_5_positive - .,5,0,0,0,0,1
R_4ttDgD9YLS4mpBM,47,4,filler_5_positive - .,5,0,0,0,0,1
R_4rwkKGDJKak04rS,42,4,filler_5_positive - .,5,0,0,0,0,1
R_4nln6h6pbte3TAT,27,4,filler_5_positive - .,5,0,0,0,0,1
R_3pX1aRVzXGtQEnA,20,4,filler_5_positive - .,5,0,0,0,0,1
R_8RmX1kXZvyuSHAa,23,4,filler_5_positive - .,5,0,0,0,0,1
R_6LC1TaErxwlm9wV,47,4,filler_5_positive - .,5,0,0,0,0,1
R_4LX8Z3Ge96cImJS,52,4,filler_5_positive - .,5,0,0,0,0,1
R_2fpxDwywr8phdhp,38,4,filler_5_positive - .,5,0,0,0,0,1
R_2L5tTdJnDai9NOw,34,4,filler_5_positive - .,4,0,0,0,1,0
R_3DYWGifuvL5fl12,20,4,filler_6_positive - .,4,0,0,0,1,0
R_8XhW6eGzhkWL3Ov,21,4,filler_6_positive - .,4,0,0,0,1,0
R_3AFqXtzplx5MIQN,21,4,filler_6_positive - .,4,0,0,0,1,0
R_4ttDgD9YLS4mpBM,47,4,filler_6_positive - .,5,0,0,0,0,1
R_4rwkKGDJKak04rS,42,4,filler_6_positive - .,4,0,0,0,1,0
R_4nln6h6pbte3TAT,27,4,filler_6_positive - .,4,0,0,0,1,0
R_3pX1aRVzXGtQEnA,20,4,filler_6_positive - .,5,0,0,0,0,1
R_8RmX1kXZvyuSHAa,23,4,filler_6_positive - .,5,0,0,0,0,1
R_6LC1TaErxwlm9wV,47,4,filler_6_positive - .,5,0,0,0,0,1
R_4LX8Z3Ge96cImJS,52,4,filler_6_positive - .,3,0,0,1,0,0
R_2fpxDwywr8phdhp,38,4,filler_6_positive - .,5,0,0,0,0,1
R_2L5tTdJnDai9NOw,34,4,filler_6_positive - .,4,0,0,0,1,0
R_3DYWGifuvL5fl12,20,4,filler_7_negative - .,1,1,0,0,0,0
R_8XhW6eGzhkWL3Ov,21,4,filler_7_negative - .,1,1,0,0,0,0
R_3AFqXtzplx5MIQN,21,4,filler_7_negative - .,1,1,0,0,0,0
R_4ttDgD9YLS4mpBM,47,4,filler_7_negative - .,2,0,1,0,0,0
R_4rwkKGDJKak04rS,42,4,filler_7_negative - .,1,1,0,0,0,0
R_4nln6h6pbte3TAT,27,4,filler_7_negative - .,1,1,0,0,0,0
R_3pX1aRVzXGtQEnA,20,4,filler_7_negative - .,1,1,0,0,0,0
R_8RmX1kXZvyuSHAa,23,4,filler_7_negative - .,1,1,0,0,0,0
R_28ZJ8Qg6p6VIvX7,21,2,filler_7_negative - .,3,0,0,1,0,0
R_6LC1TaErxwlm9wV,47,4,filler_7_negative - .,1,1,0,0,0,0
R_4LX8Z3Ge96cImJS,52,4,filler_7_negative - .,1,1,0,0,0,0
R_2fpxDwywr8phdhp,38,4,filler_7_negative - .,1,1,0,0,0,0
R_2L5tTdJnDai9NOw,34,4,filler_7_negative - .,2,0,1,0,0,0
R_3DYWGifuvL5fl12,20,4,filler_8_negative - .,1,1,0,0,0,0
R_8XhW6eGzhkWL3Ov,21,4,filler_8_negative - .,1,1,0,0,0,0
R_3AFqXtzplx5MIQN,21,4,filler_8_negative - .,1,1,0,0,0,0
R_4ttDgD9YLS4mpBM,47,4,filler_8_negative - .,1,1,0,0,0,0
R_4rwkKGDJKak04rS,42,4,filler_8_negative - .,2,0,1,0,0,0
R_4nln6h6pbte3TAT,27,4,filler_8_negative - .,1,1,0,0,0,0
R_3pX1aRVzXGtQEnA,20,4,filler_8_negative - .,1,1,0,0,0,0
R_8RmX1kXZvyuSHAa,23,4,filler_8_negative - .,1,1,0,0,0,0
R_6LC1TaErxwlm9wV,47,4,filler_8_negative - .,1,1,0,0,0,0
R_4LX8Z3Ge96cImJS,52,4,filler_8_negative - .,1,1,0,0,0,0
R_2fpxDwywr8phdhp,38,4,filler_8_negative - .,1,1,0,0,0,0
R_2L5tTdJnDai9NOw,34,4,filler_8_negative - .,1,1,0,0,0,0
R_40IT4ou2iyqk0v6,23,3,close_wdot_q1 - .,4,0,0,0,1,0
R_6O3ugSVaEijQ1hf,21,3,close_wdot_q1 - .,3,0,0,1,0,0
R_83IS0qnzWu2X1Nn,22,3,close_wdot_q1 - .,5,0,0,0,0,1
R_4rIGlSythzgWb8I,22,3,close_wdot_q1 - .,3,0,0,1,0,0
R_1GNeMdAFTRhAgE1,22,3,close_wdot_q1 - .,3,0,0,1,0,0
R_6friZsPaUWfhnxB,19,3,close_wdot_q1 - .,5,0,0,0,0,1
R_2jo4oFe1KLPi037,58,3,close_wdot_q1 - .,4,0,0,0,1,0
R_8KKiZfxuOX99bRn,37,3,close_wdot_q1 - .,4,0,0,0,1,0
R_7Yyp4Y45eALX1kd,20,3,close_wdot_q1 - .,3,0,0,1,0,0
R_4TcQg7XYWfQ6ZVf,18,3,close_wdot_q1 - .,3,0,0,1,0,0
R_1UlW95AWQWqgYE1,20,3,close_wdot_q1 - .,4,0,0,0,1,0
R_2e4iQ2UGwO9DU2d,45,3,close_wdot_q1 - .,3,0,0,1,0,0
R_5gIsO3DRojSUcwE,19,3,close_wdot_q1 - .,5,0,0,0,0,1
R_40IT4ou2iyqk0v6,23,3,remote_wdot_q2 - .,3,0,0,1,0,0
R_6O3ugSVaEijQ1hf,21,3,remote_wdot_q2 - .,4,0,0,0,1,0
R_83IS0qnzWu2X1Nn,22,3,remote_wdot_q2 - .,5,0,0,0,0,1
R_4rIGlSythzgWb8I,22,3,remote_wdot_q2 - .,2,0,1,0,0,0
R_1GNeMdAFTRhAgE1,22,3,remote_wdot_q2 - .,1,1,0,0,0,0
R_6friZsPaUWfhnxB,19,3,remote_wdot_q2 - .,2,0,1,0,0,0
R_2jo4oFe1KLPi037,58,3,remote_wdot_q2 - .,3,0,0,1,0,0
R_8KKiZfxuOX99bRn,37,3,remote_wdot_q2 - .,5,0,0,0,0,1
R_7Yyp4Y45eALX1kd,20,3,remote_wdot_q2 - .,1,1,0,0,0,0
R_4TcQg7XYWfQ6ZVf,18,3,remote_wdot_q2 - .,2,0,1,0,0,0
R_1UlW95AWQWqgYE1,20,3,remote_wdot_q2 - .,3,0,0,1,0,0
R_2e4iQ2UGwO9DU2d,45,3,remote_wdot_q2 - .,3,0,0,1,0,0
R_5gIsO3DRojSUcwE,19,3,remote_wdot_q2 - .,3,0,0,1,0,0
R_40IT4ou2iyqk0v6,23,3,close_nodot_q3 - .,4,0,0,0,1,0
R_6O3ugSVaEijQ1hf,21,3,close_nodot_q3 - .,2,0,1,0,0,0
R_83IS0qnzWu2X1Nn,22,3,close_nodot_q3 - .,5,0,0,0,0,1
R_4rIGlSythzgWb8I,22,3,close_nodot_q3 - .,4,0,0,0,1,0
R_1GNeMdAFTRhAgE1,22,3,close_nodot_q3 - .,3,0,0,1,0,0
R_6friZsPaUWfhnxB,19,3,close_nodot_q3 - .,5,0,0,0,0,1
R_2jo4oFe1KLPi037,58,3,close_nodot_q3 - .,4,0,0,0,1,0
R_8KKiZfxuOX99bRn,37,3,close_nodot_q3 - .,5,0,0,0,0,1
R_7Yyp4Y45eALX1kd,20,3,close_nodot_q3 - .,3,0,0,1,0,0
R_4TcQg7XYWfQ6ZVf,18,3,close_nodot_q3 - .,3,0,0,1,0,0
R_1UlW95AWQWqgYE1,20,3,close_nodot_q3 - .,3,0,0,1,0,0
R_2e4iQ2UGwO9DU2d,45,3,close_nodot_q3 - .,4,0,0,0,1,0
R_5gIsO3DRojSUcwE,19,3,close_nodot_q3 - .,5,0,0,0,0,1
R_40IT4ou2iyqk0v6,23,3,remote_nodot_q4 - .,3,0,0,1,0,0
R_6O3ugSVaEijQ1hf,21,3,remote_nodot_q4 - .,4,0,0,0,1,0
R_83IS0qnzWu2X1Nn,22,3,remote_nodot_q4 - .,5,0,0,0,0,1
R_4rIGlSythzgWb8I,22,3,remote_nodot_q4 - .,4,0,0,0,1,0
R_1GNeMdAFTRhAgE1,22,3,remote_nodot_q4 - .,3,0,0,1,0,0
R_6friZsPaUWfhnxB,19,3,remote_nodot_q4 - .,5,0,0,0,0,1
R_2jo4oFe1KLPi037,58,3,remote_nodot_q4 - .,4,0,0,0,1,0
R_8KKiZfxuOX99bRn,37,3,remote_nodot_q4 - .,5,0,0,0,0,1
R_7Yyp4Y45eALX1kd,20,3,remote_nodot_q4 - .,4,0,0,0,1,0
R_4TcQg7XYWfQ6ZVf,18,3,remote_nodot_q4 - .,4,0,0,0,1,0
R_1UlW95AWQWqgYE1,20,3,remote_nodot_q4 - .,4,0,0,0,1,0
R_2e4iQ2UGwO9DU2d,45,3,remote_nodot_q4 - .,4,0,0,0,1,0
R_5gIsO3DRojSUcwE,19,3,remote_nodot_q4 - .,5,0,0,0,0,1
R_40IT4ou2iyqk0v6,23,3,close_wdot_q5 - .,3,0,0,1,0,0
R_6O3ugSVaEijQ1hf,21,3,close_wdot_q5 - .,4,0,0,0,1,0
R_83IS0qnzWu2X1Nn,22,3,close_wdot_q5 - .,5,0,0,0,0,1
R_4rIGlSythzgWb8I,22,3,close_wdot_q5 - .,2,0,1,0,0,0
R_1GNeMdAFTRhAgE1,22,3,close_wdot_q5 - .,2,0,1,0,0,0
R_6friZsPaUWfhnxB,19,3,close_wdot_q5 - .,5,0,0,0,0,1
R_2jo4oFe1KLPi037,58,3,close_wdot_q5 - .,4,0,0,0,1,0
R_8KKiZfxuOX99bRn,37,3,close_wdot_q5 - .,3,0,0,1,0,0
R_7Yyp4Y45eALX1kd,20,3,close_wdot_q5 - .,4,0,0,0,1,0
R_4TcQg7XYWfQ6ZVf,18,3,close_wdot_q5 - .,3,0,0,1,0,0
R_1UlW95AWQWqgYE1,20,3,close_wdot_q5 - .,2,0,1,0,0,0
R_2e4iQ2UGwO9DU2d,45,3,close_wdot_q5 - .,4,0,0,0,1,0
R_5gIsO3DRojSUcwE,19,3,close_wdot_q5 - .,4,0,0,0,1,0
R_40IT4ou2iyqk0v6,23,3,remote_wdot_q6 - .,4,0,0,0,1,0
R_6O3ugSVaEijQ1hf,21,3,remote_wdot_q6 - .,3,0,0,1,0,0
R_83IS0qnzWu2X1Nn,22,3,remote_wdot_q6 - .,5,0,0,0,0,1
R_4rIGlSythzgWb8I,22,3,remote_wdot_q6 - .,2,0,1,0,0,0
R_1GNeMdAFTRhAgE1,22,3,remote_wdot_q6 - .,2,0,1,0,0,0
R_6friZsPaUWfhnxB,19,3,remote_wdot_q6 - .,4,0,0,0,1,0
R_2jo4oFe1KLPi037,58,3,remote_wdot_q6 - .,3,0,0,1,0,0
R_8KKiZfxuOX99bRn,37,3,remote_wdot_q6 - .,3,0,0,1,0,0
R_7Yyp4Y45eALX1kd,20,3,remote_wdot_q6 - .,4,0,0,0,1,0
R_4TcQg7XYWfQ6ZVf,18,3,remote_wdot_q6 - .,3,0,0,1,0,0
R_1UlW95AWQWqgYE1,20,3,remote_wdot_q6 - .,3,0,0,1,0,0
R_2e4iQ2UGwO9DU2d,45,3,remote_wdot_q6 - .,3,0,0,1,0,0
R_5gIsO3DRojSUcwE,19,3,remote_wdot_q6 - .,5,0,0,0,0,1
R_40IT4ou2iyqk0v6,23,3,close_nodot_q7 - .,3,0,0,1,0,0
R_6O3ugSVaEijQ1hf,21,3,close_nodot_q7 - .,4,0,0,0,1,0
R_83IS0qnzWu2X1Nn,22,3,close_nodot_q7 - .,5,0,0,0,0,1
R_4rIGlSythzgWb8I,22,3,close_nodot_q7 - .,5,0,0,0,0,1
R_1GNeMdAFTRhAgE1,22,3,close_nodot_q7 - .,3,0,0,1,0,0
R_6friZsPaUWfhnxB,19,3,close_nodot_q7 - .,3,0,0,1,0,0
R_2jo4oFe1KLPi037,58,3,close_nodot_q7 - .,2,0,1,0,0,0
R_8KKiZfxuOX99bRn,37,3,close_nodot_q7 - .,5,0,0,0,0,1
R_7Yyp4Y45eALX1kd,20,3,close_nodot_q7 - .,5,0,0,0,0,1
R_4TcQg7XYWfQ6ZVf,18,3,close_nodot_q7 - .,3,0,0,1,0,0
R_1UlW95AWQWqgYE1,20,3,close_nodot_q7 - .,4,0,0,0,1,0
R_2e4iQ2UGwO9DU2d,45,3,close_nodot_q7 - .,3,0,0,1,0,0
R_5gIsO3DRojSUcwE,19,3,close_nodot_q7 - .,5,0,0,0,0,1
R_40IT4ou2iyqk0v6,23,3,remote_nodot_q8 - .,3,0,0,1,0,0
R_6O3ugSVaEijQ1hf,21,3,remote_nodot_q8 - .,4,0,0,0,1,0
R_83IS0qnzWu2X1Nn,22,3,remote_nodot_q8 - .,5,0,0,0,0,1
R_4rIGlSythzgWb8I,22,3,remote_nodot_q8 - .,4,0,0,0,1,0
R_1GNeMdAFTRhAgE1,22,3,remote_nodot_q8 - .,1,1,0,0,0,0
R_6friZsPaUWfhnxB,19,3,remote_nodot_q8 - .,5,0,0,0,0,1
R_2jo4oFe1KLPi037,58,3,remote_nodot_q8 - .,3,0,0,1,0,0
R_8KKiZfxuOX99bRn,37,3,remote_nodot_q8 - .,4,0,0,0,1,0
R_7Yyp4Y45eALX1kd,20,3,remote_nodot_q8 - .,4,0,0,0,1,0
R_4TcQg7XYWfQ6ZVf,18,3,remote_nodot_q8 - .,3,0,0,1,0,0
R_1UlW95AWQWqgYE1,20,3,remote_nodot_q8 - .,3,0,0,1,0,0
R_2e4iQ2UGwO9DU2d,45,3,remote_nodot_q8 - .,3,0,0,1,0,0
R_5gIsO3DRojSUcwE,19,3,remote_nodot_q8 - .,4,0,0,0,1,0
R_40IT4ou2iyqk0v6,23,3,close_wdot_q9 - .,3,0,0,1,0,0
R_6O3ugSVaEijQ1hf,21,3,close_wdot_q9 - .,4,0,0,0,1,0
R_83IS0qnzWu2X1Nn,22,3,close_wdot_q9 - .,5,0,0,0,0,1
R_4rIGlSythzgWb8I,22,3,close_wdot_q9 - .,2,0,1,0,0,0
R_1GNeMdAFTRhAgE1,22,3,close_wdot_q9 - .,2,0,1,0,0,0
R_6friZsPaUWfhnxB,19,3,close_wdot_q9 - .,3,0,0,1,0,0
R_2jo4oFe1KLPi037,58,3,close_wdot_q9 - .,4,0,0,0,1,0
R_8KKiZfxuOX99bRn,37,3,close_wdot_q9 - .,5,0,0,0,0,1
R_7Yyp4Y45eALX1kd,20,3,close_wdot_q9 - .,3,0,0,1,0,0
R_4TcQg7XYWfQ6ZVf,18,3,close_wdot_q9 - .,3,0,0,1,0,0
R_1UlW95AWQWqgYE1,20,3,close_wdot_q9 - .,4,0,0,0,1,0
R_2e4iQ2UGwO9DU2d,45,3,close_wdot_q9 - .,4,0,0,0,1,0
R_5gIsO3DRojSUcwE,19,3,close_wdot_q9 - .,5,0,0,0,0,1
R_40IT4ou2iyqk0v6,23,3,remote_wdot_q10 - .,2,0,1,0,0,0
R_6O3ugSVaEijQ1hf,21,3,remote_wdot_q10 - .,3,0,0,1,0,0
R_83IS0qnzWu2X1Nn,22,3,remote_wdot_q10 - .,5,0,0,0,0,1
R_4rIGlSythzgWb8I,22,3,remote_wdot_q10 - .,2,0,1,0,0,0
R_1GNeMdAFTRhAgE1,22,3,remote_wdot_q10 - .,2,0,1,0,0,0
R_6friZsPaUWfhnxB,19,3,remote_wdot_q10 - .,3,0,0,1,0,0
R_2jo4oFe1KLPi037,58,3,remote_wdot_q10 - .,3,0,0,1,0,0
R_8KKiZfxuOX99bRn,37,3,remote_wdot_q10 - .,3,0,0,1,0,0
R_7Yyp4Y45eALX1kd,20,3,remote_wdot_q10 - .,2,0,1,0,0,0
R_4TcQg7XYWfQ6ZVf,18,3,remote_wdot_q10 - .,2,0,1,0,0,0
R_1UlW95AWQWqgYE1,20,3,remote_wdot_q10 - .,1,1,0,0,0,0
R_2e4iQ2UGwO9DU2d,45,3,remote_wdot_q10 - .,3,0,0,1,0,0
R_5gIsO3DRojSUcwE,19,3,remote_wdot_q10 - .,1,1,0,0,0,0
R_40IT4ou2iyqk0v6,23,3,close_nodot_q11 - .,3,0,0,1,0,0
R_6O3ugSVaEijQ1hf,21,3,close_nodot_q11 - .,4,0,0,0,1,0
R_83IS0qnzWu2X1Nn,22,3,close_nodot_q11 - .,5,0,0,0,0,1
R_4rIGlSythzgWb8I,22,3,close_nodot_q11 - .,3,0,0,1,0,0
R_1GNeMdAFTRhAgE1,22,3,close_nodot_q11 - .,2,0,1,0,0,0
R_6friZsPaUWfhnxB,19,3,close_nodot_q11 - .,4,0,0,0,1,0
R_2jo4oFe1KLPi037,58,3,close_nodot_q11 - .,4,0,0,0,1,0
R_8KKiZfxuOX99bRn,37,3,close_nodot_q11 - .,4,0,0,0,1,0
R_7Yyp4Y45eALX1kd,20,3,close_nodot_q11 - .,3,0,0,1,0,0
R_4TcQg7XYWfQ6ZVf,18,3,close_nodot_q11 - .,3,0,0,1,0,0
R_1UlW95AWQWqgYE1,20,3,close_nodot_q11 - .,4,0,0,0,1,0
R_2e4iQ2UGwO9DU2d,45,3,close_nodot_q11 - .,3,0,0,1,0,0
R_5gIsO3DRojSUcwE,19,3,close_nodot_q11 - .,5,0,0,0,0,1
R_40IT4ou2iyqk0v6,23,3,remote_nodot_q12 - .,3,0,0,1,0,0
R_6O3ugSVaEijQ1hf,21,3,remote_nodot_q12 - .,2,0,1,0,0,0
R_83IS0qnzWu2X1Nn,22,3,remote_nodot_q12 - .,5,0,0,0,0,1
R_4rIGlSythzgWb8I,22,3,remote_nodot_q12 - .,3,0,0,1,0,0
R_1GNeMdAFTRhAgE1,22,3,remote_nodot_q12 - .,1,1,0,0,0,0
R_6friZsPaUWfhnxB,19,3,remote_nodot_q12 - .,4,0,0,0,1,0
R_2jo4oFe1KLPi037,58,3,remote_nodot_q12 - .,3,0,0,1,0,0
R_8KKiZfxuOX99bRn,37,3,remote_nodot_q12 - .,5,0,0,0,0,1
R_7Yyp4Y45eALX1kd,20,3,remote_nodot_q12 - .,1,1,0,0,0,0
R_4TcQg7XYWfQ6ZVf,18,3,remote_nodot_q12 - .,3,0,0,1,0,0
R_1UlW95AWQWqgYE1,20,3,remote_nodot_q12 - .,2,0,1,0,0,0
R_2e4iQ2UGwO9DU2d,45,3,remote_nodot_q12 - .,3,0,0,1,0,0
R_5gIsO3DRojSUcwE,19,3,remote_nodot_q12 - .,4,0,0,0,1,0
R_40IT4ou2iyqk0v6,23,3,close_wdot_q13 - .,3,0,0,1,0,0
R_6O3ugSVaEijQ1hf,21,3,close_wdot_q13 - .,1,1,0,0,0,0
R_83IS0qnzWu2X1Nn,22,3,close_wdot_q13 - .,4,0,0,0,1,0
R_4rIGlSythzgWb8I,22,3,close_wdot_q13 - .,2,0,1,0,0,0
R_1GNeMdAFTRhAgE1,22,3,close_wdot_q13 - .,2,0,1,0,0,0
R_6friZsPaUWfhnxB,19,3,close_wdot_q13 - .,3,0,0,1,0,0
R_2jo4oFe1KLPi037,58,3,close_wdot_q13 - .,3,0,0,1,0,0
R_8KKiZfxuOX99bRn,37,3,close_wdot_q13 - .,4,0,0,0,1,0
R_7Yyp4Y45eALX1kd,20,3,close_wdot_q13 - .,2,0,1,0,0,0
R_4TcQg7XYWfQ6ZVf,18,3,close_wdot_q13 - .,3,0,0,1,0,0
R_1UlW95AWQWqgYE1,20,3,close_wdot_q13 - .,2,0,1,0,0,0
R_2e4iQ2UGwO9DU2d,45,3,close_wdot_q13 - .,3,0,0,1,0,0
R_5gIsO3DRojSUcwE,19,3,close_wdot_q13 - .,5,0,0,0,0,1
R_40IT4ou2iyqk0v6,23,3,remote_wdot_q14 - .,3,0,0,1,0,0
R_6O3ugSVaEijQ1hf,21,3,remote_wdot_q14 - .,2,0,1,0,0,0
R_83IS0qnzWu2X1Nn,22,3,remote_wdot_q14 - .,5,0,0,0,0,1
R_4rIGlSythzgWb8I,22,3,remote_wdot_q14 - .,2,0,1,0,0,0
R_1GNeMdAFTRhAgE1,22,3,remote_wdot_q14 - .,2,0,1,0,0,0
R_6friZsPaUWfhnxB,19,3,remote_wdot_q14 - .,3,0,0,1,0,0
R_2jo4oFe1KLPi037,58,3,remote_wdot_q14 - .,2,0,1,0,0,0
R_8KKiZfxuOX99bRn,37,3,remote_wdot_q14 - .,5,0,0,0,0,1
R_7Yyp4Y45eALX1kd,20,3,remote_wdot_q14 - .,4,0,0,0,1,0
R_4TcQg7XYWfQ6ZVf,18,3,remote_wdot_q14 - .,3,0,0,1,0,0
R_1UlW95AWQWqgYE1,20,3,remote_wdot_q14 - .,3,0,0,1,0,0
R_2e4iQ2UGwO9DU2d,45,3,remote_wdot_q14 - .,3,0,0,1,0,0
R_5gIsO3DRojSUcwE,19,3,remote_wdot_q14 - .,4,0,0,0,1,0
R_40IT4ou2iyqk0v6,23,3,close_nodot_q15 - .,3,0,0,1,0,0
R_6O3ugSVaEijQ1hf,21,3,close_nodot_q15 - .,3,0,0,1,0,0
R_83IS0qnzWu2X1Nn,22,3,close_nodot_q15 - .,5,0,0,0,0,1
R_4rIGlSythzgWb8I,22,3,close_nodot_q15 - .,3,0,0,1,0,0
R_1GNeMdAFTRhAgE1,22,3,close_nodot_q15 - .,1,1,0,0,0,0
R_6friZsPaUWfhnxB,19,3,close_nodot_q15 - .,5,0,0,0,0,1
R_2jo4oFe1KLPi037,58,3,close_nodot_q15 - .,2,0,1,0,0,0
R_8KKiZfxuOX99bRn,37,3,close_nodot_q15 - .,5,0,0,0,0,1
R_7Yyp4Y45eALX1kd,20,3,close_nodot_q15 - .,4,0,0,0,1,0
R_4TcQg7XYWfQ6ZVf,18,3,close_nodot_q15 - .,3,0,0,1,0,0
R_1UlW95AWQWqgYE1,20,3,close_nodot_q15 - .,3,0,0,1,0,0
R_2e4iQ2UGwO9DU2d,45,3,close_nodot_q15 - .,3,0,0,1,0,0
R_5gIsO3DRojSUcwE,19,3,close_nodot_q15 - .,5,0,0,0,0,1
R_40IT4ou2iyqk0v6,23,3,remote_nodot_q16 - .,3,0,0,1,0,0
R_6O3ugSVaEijQ1hf,21,3,remote_nodot_q16 - .,4,0,0,0,1,0
R_83IS0qnzWu2X1Nn,22,3,remote_nodot_q16 - .,4,0,0,0,1,0
R_4rIGlSythzgWb8I,22,3,remote_nodot_q16 - .,2,0,1,0,0,0
R_1GNeMdAFTRhAgE1,22,3,remote_nodot_q16 - .,3,0,0,1,0,0
R_6friZsPaUWfhnxB,19,3,remote_nodot_q16 - .,5,0,0,0,0,1
R_2jo4oFe1KLPi037,58,3,remote_nodot_q16 - .,4,0,0,0,1,0
R_8KKiZfxuOX99bRn,37,3,remote_nodot_q16 - .,5,0,0,0,0,1
R_7Yyp4Y45eALX1kd,20,3,remote_nodot_q16 - .,5,0,0,0,0,1
R_4TcQg7XYWfQ6ZVf,18,3,remote_nodot_q16 - .,3,0,0,1,0,0
R_1UlW95AWQWqgYE1,20,3,remote_nodot_q16 - .,4,0,0,0,1,0
R_2e4iQ2UGwO9DU2d,45,3,remote_nodot_q16 - .,3,0,0,1,0,0
R_5gIsO3DRojSUcwE,19,3,remote_nodot_q16 - .,5,0,0,0,0,1
R_40IT4ou2iyqk0v6,23,3,filler_1_positive - ..1,5,0,0,0,0,1
R_6O3ugSVaEijQ1hf,21,3,filler_1_positive - ..1,3,0,0,1,0,0
R_83IS0qnzWu2X1Nn,22,3,filler_1_positive - ..1,5,0,0,0,0,1
R_4rIGlSythzgWb8I,22,3,filler_1_positive - ..1,5,0,0,0,0,1
R_1GNeMdAFTRhAgE1,22,3,filler_1_positive - ..1,5,0,0,0,0,1
R_6friZsPaUWfhnxB,19,3,filler_1_positive - ..1,5,0,0,0,0,1
R_2jo4oFe1KLPi037,58,3,filler_1_positive - ..1,5,0,0,0,0,1
R_8KKiZfxuOX99bRn,37,3,filler_1_positive - ..1,5,0,0,0,0,1
R_7Yyp4Y45eALX1kd,20,3,filler_1_positive - ..1,5,0,0,0,0,1
R_4TcQg7XYWfQ6ZVf,18,3,filler_1_positive - ..1,4,0,0,0,1,0
R_1UlW95AWQWqgYE1,20,3,filler_1_positive - ..1,5,0,0,0,0,1
R_2e4iQ2UGwO9DU2d,45,3,filler_1_positive - ..1,5,0,0,0,0,1
R_5gIsO3DRojSUcwE,19,3,filler_1_positive - ..1,5,0,0,0,0,1
R_40IT4ou2iyqk0v6,23,3,filler_2_positive - ..1,3,0,0,1,0,0
R_6O3ugSVaEijQ1hf,21,3,filler_2_positive - ..1,5,0,0,0,0,1
R_83IS0qnzWu2X1Nn,22,3,filler_2_positive - ..1,5,0,0,0,0,1
R_4rIGlSythzgWb8I,22,3,filler_2_positive - ..1,5,0,0,0,0,1
R_1GNeMdAFTRhAgE1,22,3,filler_2_positive - ..1,4,0,0,0,1,0
R_6friZsPaUWfhnxB,19,3,filler_2_positive - ..1,5,0,0,0,0,1
R_2jo4oFe1KLPi037,58,3,filler_2_positive - ..1,4,0,0,0,1,0
R_8KKiZfxuOX99bRn,37,3,filler_2_positive - ..1,5,0,0,0,0,1
R_7Yyp4Y45eALX1kd,20,3,filler_2_positive - ..1,5,0,0,0,0,1
R_4TcQg7XYWfQ6ZVf,18,3,filler_2_positive - ..1,4,0,0,0,1,0
R_1UlW95AWQWqgYE1,20,3,filler_2_positive - ..1,5,0,0,0,0,1
R_2e4iQ2UGwO9DU2d,45,3,filler_2_positive - ..1,5,0,0,0,0,1
R_5gIsO3DRojSUcwE,19,3,filler_2_positive - ..1,5,0,0,0,0,1
R_40IT4ou2iyqk0v6,23,3,filler_3_negative - ..1,1,1,0,0,0,0
R_6O3ugSVaEijQ1hf,21,3,filler_3_negative - ..1,1,1,0,0,0,0
R_83IS0qnzWu2X1Nn,22,3,filler_3_negative - ..1,2,0,1,0,0,0
R_4rIGlSythzgWb8I,22,3,filler_3_negative - ..1,2,0,1,0,0,0
R_1GNeMdAFTRhAgE1,22,3,filler_3_negative - ..1,1,1,0,0,0,0
R_6friZsPaUWfhnxB,19,3,filler_3_negative - ..1,1,1,0,0,0,0
R_2jo4oFe1KLPi037,58,3,filler_3_negative - ..1,1,1,0,0,0,0
R_8KKiZfxuOX99bRn,37,3,filler_3_negative - ..1,1,1,0,0,0,0
R_7Yyp4Y45eALX1kd,20,3,filler_3_negative - ..1,1,1,0,0,0,0
R_4TcQg7XYWfQ6ZVf,18,3,filler_3_negative - ..1,1,1,0,0,0,0
R_1UlW95AWQWqgYE1,20,3,filler_3_negative - ..1,1,1,0,0,0,0
R_2e4iQ2UGwO9DU2d,45,3,filler_3_negative - ..1,1,1,0,0,0,0
R_5gIsO3DRojSUcwE,19,3,filler_3_negative - ..1,1,1,0,0,0,0
R_40IT4ou2iyqk0v6,23,3,filler_4_negative - ..1,2,0,1,0,0,0
R_6O3ugSVaEijQ1hf,21,3,filler_4_negative - ..1,3,0,0,1,0,0
R_83IS0qnzWu2X1Nn,22,3,filler_4_negative - ..1,1,1,0,0,0,0
R_4rIGlSythzgWb8I,22,3,filler_4_negative - ..1,2,0,1,0,0,0
R_1GNeMdAFTRhAgE1,22,3,filler_4_negative - ..1,1,1,0,0,0,0
R_6friZsPaUWfhnxB,19,3,filler_4_negative - ..1,3,0,0,1,0,0
R_2jo4oFe1KLPi037,58,3,filler_4_negative - ..1,1,1,0,0,0,0
R_8KKiZfxuOX99bRn,37,3,filler_4_negative - ..1,1,1,0,0,0,0
R_7Yyp4Y45eALX1kd,20,3,filler_4_negative - ..1,1,1,0,0,0,0
R_4TcQg7XYWfQ6ZVf,18,3,filler_4_negative - ..1,2,0,1,0,0,0
R_1UlW95AWQWqgYE1,20,3,filler_4_negative - ..1,3,0,0,1,0,0
R_2e4iQ2UGwO9DU2d,45,3,filler_4_negative - ..1,1,1,0,0,0,0
R_5gIsO3DRojSUcwE,19,3,filler_4_negative - ..1,1,1,0,0,0,0
R_40IT4ou2iyqk0v6,23,3,filler_5_positive - ..1,4,0,0,0,1,0
R_6O3ugSVaEijQ1hf,21,3,filler_5_positive - ..1,5,0,0,0,0,1
R_83IS0qnzWu2X1Nn,22,3,filler_5_positive - ..1,5,0,0,0,0,1
R_4rIGlSythzgWb8I,22,3,filler_5_positive - ..1,5,0,0,0,0,1
R_1GNeMdAFTRhAgE1,22,3,filler_5_positive - ..1,5,0,0,0,0,1
R_6friZsPaUWfhnxB,19,3,filler_5_positive - ..1,5,0,0,0,0,1
R_2jo4oFe1KLPi037,58,3,filler_5_positive - ..1,5,0,0,0,0,1
R_8KKiZfxuOX99bRn,37,3,filler_5_positive - ..1,5,0,0,0,0,1
R_7Yyp4Y45eALX1kd,20,3,filler_5_positive - ..1,5,0,0,0,0,1
R_4TcQg7XYWfQ6ZVf,18,3,filler_5_positive - ..1,4,0,0,0,1,0
R_1UlW95AWQWqgYE1,20,3,filler_5_positive - ..1,5,0,0,0,0,1
R_2e4iQ2UGwO9DU2d,45,3,filler_5_positive - ..1,5,0,0,0,0,1
R_5gIsO3DRojSUcwE,19,3,filler_5_positive - ..1,4,0,0,0,1,0
R_40IT4ou2iyqk0v6,23,3,filler_6_positive - ..1,5,0,0,0,0,1
R_6O3ugSVaEijQ1hf,21,3,filler_6_positive - ..1,5,0,0,0,0,1
R_83IS0qnzWu2X1Nn,22,3,filler_6_positive - ..1,5,0,0,0,0,1
R_4rIGlSythzgWb8I,22,3,filler_6_positive - ..1,4,0,0,0,1,0
R_1GNeMdAFTRhAgE1,22,3,filler_6_positive - ..1,5,0,0,0,0,1
R_6friZsPaUWfhnxB,19,3,filler_6_positive - ..1,5,0,0,0,0,1
R_2jo4oFe1KLPi037,58,3,filler_6_positive - ..1,5,0,0,0,0,1
R_8KKiZfxuOX99bRn,37,3,filler_6_positive - ..1,4,0,0,0,1,0
R_7Yyp4Y45eALX1kd,20,3,filler_6_positive - ..1,5,0,0,0,0,1
R_4TcQg7XYWfQ6ZVf,18,3,filler_6_positive - ..1,4,0,0,0,1,0
R_1UlW95AWQWqgYE1,20,3,filler_6_positive - ..1,5,0,0,0,0,1
R_2e4iQ2UGwO9DU2d,45,3,filler_6_positive - ..1,5,0,0,0,0,1
R_5gIsO3DRojSUcwE,19,3,filler_6_positive - ..1,5,0,0,0,0,1
R_40IT4ou2iyqk0v6,23,3,filler_7_negative - ..1,1,1,0,0,0,0
R_6O3ugSVaEijQ1hf,21,3,filler_7_negative - ..1,1,1,0,0,0,0
R_83IS0qnzWu2X1Nn,22,3,filler_7_negative - ..1,2,0,1,0,0,0
R_4rIGlSythzgWb8I,22,3,filler_7_negative - ..1,1,1,0,0,0,0
R_1GNeMdAFTRhAgE1,22,3,filler_7_negative - ..1,1,1,0,0,0,0
R_6friZsPaUWfhnxB,19,3,filler_7_negative - ..1,1,1,0,0,0,0
R_2jo4oFe1KLPi037,58,3,filler_7_negative - ..1,1,1,0,0,0,0
R_8KKiZfxuOX99bRn,37,3,filler_7_negative - ..1,1,1,0,0,0,0
R_7Yyp4Y45eALX1kd,20,3,filler_7_negative - ..1,1,1,0,0,0,0
R_4TcQg7XYWfQ6ZVf,18,3,filler_7_negative - ..1,1,1,0,0,0,0
R_1UlW95AWQWqgYE1,20,3,filler_7_negative - ..1,1,1,0,0,0,0
R_2e4iQ2UGwO9DU2d,45,3,filler_7_negative - ..1,1,1,0,0,0,0
R_5gIsO3DRojSUcwE,19,3,filler_7_negative - ..1,1,1,0,0,0,0
R_40IT4ou2iyqk0v6,23,3,filler_8_negative - ..1,1,1,0,0,0,0
R_6O3ugSVaEijQ1hf,21,3,filler_8_negative - ..1,1,1,0,0,0,0
R_83IS0qnzWu2X1Nn,22,3,filler_8_negative - ..1,1,1,0,0,0,0
R_4rIGlSythzgWb8I,22,3,filler_8_negative - ..1,1,1,0,0,0,0
R_1GNeMdAFTRhAgE1,22,3,filler_8_negative - ..1,1,1,0,0,0,0
R_6friZsPaUWfhnxB,19,3,filler_8_negative - ..1,1,1,0,0,0,0
R_2jo4oFe1KLPi037,58,3,filler_8_negative - ..1,2,0,1,0,0,0
R_8KKiZfxuOX99bRn,37,3,filler_8_negative - ..1,1,1,0,0,0,0
R_7Yyp4Y45eALX1kd,20,3,filler_8_negative - ..1,1,1,0,0,0,0
R_4TcQg7XYWfQ6ZVf,18,3,filler_8_negative - ..1,1,1,0,0,0,0
R_1UlW95AWQWqgYE1,20,3,filler_8_negative - ..1,1,1,0,0,0,0
R_2e4iQ2UGwO9DU2d,45,3,filler_8_negative - ..1,1,1,0,0,0,0
R_5gIsO3DRojSUcwE,19,3,filler_8_negative - ..1,1,1,0,0,0,0
R_24TnGqQqiz9CLhD,18,2,remote_nodot_q1 - .,3,0,0,1,0,0
R_3g6i7kJ2vWAIevp,20,2,remote_nodot_q1 - .,4,0,0,0,1,0
R_3U88hGIJXb5kvHb,45,2,remote_nodot_q1 - .,4,0,0,0,1,0
R_1cnYXOduivuMrp7,20,2,remote_nodot_q1 - .,1,1,0,0,0,0
R_8BsTK2rUjIFbhgA,43,2,remote_nodot_q1 - .,3,0,0,1,0,0
R_3yJKf6E7UZXmlu9,43,2,remote_nodot_q1 - .,3,0,0,1,0,0
R_4lmivGixZawWJnZ,19,2,remote_nodot_q1 - .,3,0,0,1,0,0
R_2rwc0aGnzyearY2,18,2,remote_nodot_q1 - .,3,0,0,1,0,0
R_382gVwL48hx2Xfj,42,2,remote_nodot_q1 - .,4,0,0,0,1,0
R_28ZJ8Qg6p6VIvX7,21,2,remote_nodot_q1 - .,1,1,0,0,0,0
R_5JJxWxL7uxKTEu5,24,2,remote_nodot_q1 - .,3,0,0,1,0,0
R_42TLf4KJOjpWLTj,31,2,remote_nodot_q1 - .,3,0,0,1,0,0
R_1KU8ShenRlJUlJn,32,2,remote_nodot_q1 - .,4,0,0,0,1,0
R_24TnGqQqiz9CLhD,18,2,close_wdot_q2 - .,3,0,0,1,0,0
R_3g6i7kJ2vWAIevp,20,2,close_wdot_q2 - .,3,0,0,1,0,0
R_3U88hGIJXb5kvHb,45,2,close_wdot_q2 - .,3,0,0,1,0,0
R_1cnYXOduivuMrp7,20,2,close_wdot_q2 - .,2,0,1,0,0,0
R_8BsTK2rUjIFbhgA,43,2,close_wdot_q2 - .,3,0,0,1,0,0
R_3yJKf6E7UZXmlu9,43,2,close_wdot_q2 - .,3,0,0,1,0,0
R_4lmivGixZawWJnZ,19,2,close_wdot_q2 - .,2,0,1,0,0,0
R_2rwc0aGnzyearY2,18,2,close_wdot_q2 - .,3,0,0,1,0,0
R_382gVwL48hx2Xfj,42,2,close_wdot_q2 - .,3,0,0,1,0,0
R_28ZJ8Qg6p6VIvX7,21,2,close_wdot_q2 - .,1,1,0,0,0,0
R_5JJxWxL7uxKTEu5,24,2,close_wdot_q2 - .,3,0,0,1,0,0
R_42TLf4KJOjpWLTj,31,2,close_wdot_q2 - .,3,0,0,1,0,0
R_1KU8ShenRlJUlJn,32,2,close_wdot_q2 - .,3,0,0,1,0,0
R_24TnGqQqiz9CLhD,18,2,remote_wdot_q3 - .,4,0,0,0,1,0
R_3g6i7kJ2vWAIevp,20,2,remote_wdot_q3 - .,4,0,0,0,1,0
R_3U88hGIJXb5kvHb,45,2,remote_wdot_q3 - .,4,0,0,0,1,0
R_1cnYXOduivuMrp7,20,2,remote_wdot_q3 - .,4,0,0,0,1,0
R_8BsTK2rUjIFbhgA,43,2,remote_wdot_q3 - .,4,0,0,0,1,0
R_3yJKf6E7UZXmlu9,43,2,remote_wdot_q3 - .,4,0,0,0,1,0
R_4lmivGixZawWJnZ,19,2,remote_wdot_q3 - .,3,0,0,1,0,0
R_2rwc0aGnzyearY2,18,2,remote_wdot_q3 - .,4,0,0,0,1,0
R_382gVwL48hx2Xfj,42,2,remote_wdot_q3 - .,3,0,0,1,0,0
R_28ZJ8Qg6p6VIvX7,21,2,remote_wdot_q3 - .,1,1,0,0,0,0
R_5JJxWxL7uxKTEu5,24,2,remote_wdot_q3 - .,5,0,0,0,0,1
R_42TLf4KJOjpWLTj,31,2,remote_wdot_q3 - .,3,0,0,1,0,0
R_1KU8ShenRlJUlJn,32,2,remote_wdot_q3 - .,3,0,0,1,0,0
R_24TnGqQqiz9CLhD,18,2,close_nodot_q4 - .,5,0,0,0,0,1
R_3g6i7kJ2vWAIevp,20,2,close_nodot_q4 - .,4,0,0,0,1,0
R_3U88hGIJXb5kvHb,45,2,close_nodot_q4 - .,4,0,0,0,1,0
R_1cnYXOduivuMrp7,20,2,close_nodot_q4 - .,3,0,0,1,0,0
R_8BsTK2rUjIFbhgA,43,2,close_nodot_q4 - .,4,0,0,0,1,0
R_3yJKf6E7UZXmlu9,43,2,close_nodot_q4 - .,3,0,0,1,0,0
R_4lmivGixZawWJnZ,19,2,close_nodot_q4 - .,5,0,0,0,0,1
R_2rwc0aGnzyearY2,18,2,close_nodot_q4 - .,3,0,0,1,0,0
R_382gVwL48hx2Xfj,42,2,close_nodot_q4 - .,3,0,0,1,0,0
R_5JJxWxL7uxKTEu5,24,2,close_nodot_q4 - .,4,0,0,0,1,0
R_42TLf4KJOjpWLTj,31,2,close_nodot_q4 - .,5,0,0,0,0,1
R_1KU8ShenRlJUlJn,32,2,close_nodot_q4 - .,3,0,0,1,0,0
R_24TnGqQqiz9CLhD,18,2,remote_nodot_q5 - .,4,0,0,0,1,0
R_3g6i7kJ2vWAIevp,20,2,remote_nodot_q5 - .,3,0,0,1,0,0
R_3U88hGIJXb5kvHb,45,2,remote_nodot_q5 - .,4,0,0,0,1,0
R_1cnYXOduivuMrp7,20,2,remote_nodot_q5 - .,3,0,0,1,0,0
R_8BsTK2rUjIFbhgA,43,2,remote_nodot_q5 - .,4,0,0,0,1,0
R_3yJKf6E7UZXmlu9,43,2,remote_nodot_q5 - .,3,0,0,1,0,0
R_4lmivGixZawWJnZ,19,2,remote_nodot_q5 - .,3,0,0,1,0,0
R_2rwc0aGnzyearY2,18,2,remote_nodot_q5 - .,3,0,0,1,0,0
R_382gVwL48hx2Xfj,42,2,remote_nodot_q5 - .,5,0,0,0,0,1
R_28ZJ8Qg6p6VIvX7,21,2,remote_nodot_q5 - .,1,1,0,0,0,0
R_5JJxWxL7uxKTEu5,24,2,remote_nodot_q5 - .,3,0,0,1,0,0
R_42TLf4KJOjpWLTj,31,2,remote_nodot_q5 - .,4,0,0,0,1,0
R_1KU8ShenRlJUlJn,32,2,remote_nodot_q5 - .,4,0,0,0,1,0
R_24TnGqQqiz9CLhD,18,2,close_wdot_q6 - .,4,0,0,0,1,0
R_3g6i7kJ2vWAIevp,20,2,close_wdot_q6 - .,2,0,1,0,0,0
R_3U88hGIJXb5kvHb,45,2,close_wdot_q6 - .,4,0,0,0,1,0
R_1cnYXOduivuMrp7,20,2,close_wdot_q6 - .,3,0,0,1,0,0
R_8BsTK2rUjIFbhgA,43,2,close_wdot_q6 - .,3,0,0,1,0,0
R_3yJKf6E7UZXmlu9,43,2,close_wdot_q6 - .,3,0,0,1,0,0
R_4lmivGixZawWJnZ,19,2,close_wdot_q6 - .,4,0,0,0,1,0
R_2rwc0aGnzyearY2,18,2,close_wdot_q6 - .,3,0,0,1,0,0
R_382gVwL48hx2Xfj,42,2,close_wdot_q6 - .,4,0,0,0,1,0
R_28ZJ8Qg6p6VIvX7,21,2,close_wdot_q6 - .,1,1,0,0,0,0
R_5JJxWxL7uxKTEu5,24,2,close_wdot_q6 - .,3,0,0,1,0,0
R_42TLf4KJOjpWLTj,31,2,close_wdot_q6 - .,3,0,0,1,0,0
R_1KU8ShenRlJUlJn,32,2,close_wdot_q6 - .,3,0,0,1,0,0
R_24TnGqQqiz9CLhD,18,2,remote_wdot_q7 - .,3,0,0,1,0,0
R_3g6i7kJ2vWAIevp,20,2,remote_wdot_q7 - .,3,0,0,1,0,0
R_3U88hGIJXb5kvHb,45,2,remote_wdot_q7 - .,3,0,0,1,0,0
R_1cnYXOduivuMrp7,20,2,remote_wdot_q7 - .,3,0,0,1,0,0
R_8BsTK2rUjIFbhgA,43,2,remote_wdot_q7 - .,3,0,0,1,0,0
R_3yJKf6E7UZXmlu9,43,2,remote_wdot_q7 - .,3,0,0,1,0,0
R_4lmivGixZawWJnZ,19,2,remote_wdot_q7 - .,3,0,0,1,0,0
R_2rwc0aGnzyearY2,18,2,remote_wdot_q7 - .,3,0,0,1,0,0
R_382gVwL48hx2Xfj,42,2,remote_wdot_q7 - .,5,0,0,0,0,1
R_28ZJ8Qg6p6VIvX7,21,2,remote_wdot_q7 - .,1,1,0,0,0,0
R_5JJxWxL7uxKTEu5,24,2,remote_wdot_q7 - .,3,0,0,1,0,0
R_42TLf4KJOjpWLTj,31,2,remote_wdot_q7 - .,4,0,0,0,1,0
R_1KU8ShenRlJUlJn,32,2,remote_wdot_q7 - .,4,0,0,0,1,0
R_24TnGqQqiz9CLhD,18,2,close_nodot_q8 - .,5,0,0,0,0,1
R_3g6i7kJ2vWAIevp,20,2,close_nodot_q8 - .,3,0,0,1,0,0
R_3U88hGIJXb5kvHb,45,2,close_nodot_q8 - .,4,0,0,0,1,0
R_1cnYXOduivuMrp7,20,2,close_nodot_q8 - .,3,0,0,1,0,0
R_8BsTK2rUjIFbhgA,43,2,close_nodot_q8 - .,4,0,0,0,1,0
R_3yJKf6E7UZXmlu9,43,2,close_nodot_q8 - .,3,0,0,1,0,0
R_4lmivGixZawWJnZ,19,2,close_nodot_q8 - .,4,0,0,0,1,0
R_2rwc0aGnzyearY2,18,2,close_nodot_q8 - .,3,0,0,1,0,0
R_382gVwL48hx2Xfj,42,2,close_nodot_q8 - .,5,0,0,0,0,1
R_28ZJ8Qg6p6VIvX7,21,2,close_nodot_q8 - .,1,1,0,0,0,0
R_5JJxWxL7uxKTEu5,24,2,close_nodot_q8 - .,4,0,0,0,1,0
R_42TLf4KJOjpWLTj,31,2,close_nodot_q8 - .,3,0,0,1,0,0
R_1KU8ShenRlJUlJn,32,2,close_nodot_q8 - .,3,0,0,1,0,0
R_24TnGqQqiz9CLhD,18,2,remote_nodot_q9 - .,2,0,1,0,0,0
R_3g6i7kJ2vWAIevp,20,2,remote_nodot_q9 - .,3,0,0,1,0,0
R_3U88hGIJXb5kvHb,45,2,remote_nodot_q9 - .,5,0,0,0,0,1
R_1cnYXOduivuMrp7,20,2,remote_nodot_q9 - .,3,0,0,1,0,0
R_8BsTK2rUjIFbhgA,43,2,remote_nodot_q9 - .,4,0,0,0,1,0
R_3yJKf6E7UZXmlu9,43,2,remote_nodot_q9 - .,3,0,0,1,0,0
R_4lmivGixZawWJnZ,19,2,remote_nodot_q9 - .,1,1,0,0,0,0
R_2rwc0aGnzyearY2,18,2,remote_nodot_q9 - .,3,0,0,1,0,0
R_382gVwL48hx2Xfj,42,2,remote_nodot_q9 - .,3,0,0,1,0,0
R_28ZJ8Qg6p6VIvX7,21,2,remote_nodot_q9 - .,1,1,0,0,0,0
R_5JJxWxL7uxKTEu5,24,2,remote_nodot_q9 - .,2,0,1,0,0,0
R_42TLf4KJOjpWLTj,31,2,remote_nodot_q9 - .,4,0,0,0,1,0
R_1KU8ShenRlJUlJn,32,2,remote_nodot_q9 - .,4,0,0,0,1,0
R_24TnGqQqiz9CLhD,18,2,close_wdot_q10 - .,5,0,0,0,0,1
R_3g6i7kJ2vWAIevp,20,2,close_wdot_q10 - .,3,0,0,1,0,0
R_3U88hGIJXb5kvHb,45,2,close_wdot_q10 - .,2,0,1,0,0,0
R_1cnYXOduivuMrp7,20,2,close_wdot_q10 - .,2,0,1,0,0,0
R_8BsTK2rUjIFbhgA,43,2,close_wdot_q10 - .,3,0,0,1,0,0
R_3yJKf6E7UZXmlu9,43,2,close_wdot_q10 - .,3,0,0,1,0,0
R_4lmivGixZawWJnZ,19,2,close_wdot_q10 - .,1,1,0,0,0,0
R_2rwc0aGnzyearY2,18,2,close_wdot_q10 - .,3,0,0,1,0,0
R_382gVwL48hx2Xfj,42,2,close_wdot_q10 - .,5,0,0,0,0,1
R_28ZJ8Qg6p6VIvX7,21,2,close_wdot_q10 - .,1,1,0,0,0,0
R_5JJxWxL7uxKTEu5,24,2,close_wdot_q10 - .,2,0,1,0,0,0
R_42TLf4KJOjpWLTj,31,2,close_wdot_q10 - .,3,0,0,1,0,0
R_1KU8ShenRlJUlJn,32,2,close_wdot_q10 - .,3,0,0,1,0,0
R_24TnGqQqiz9CLhD,18,2,remote_wdot_q11 - .,4,0,0,0,1,0
R_3g6i7kJ2vWAIevp,20,2,remote_wdot_q11 - .,3,0,0,1,0,0
R_3U88hGIJXb5kvHb,45,2,remote_wdot_q11 - .,3,0,0,1,0,0
R_1cnYXOduivuMrp7,20,2,remote_wdot_q11 - .,3,0,0,1,0,0
R_8BsTK2rUjIFbhgA,43,2,remote_wdot_q11 - .,3,0,0,1,0,0
R_3yJKf6E7UZXmlu9,43,2,remote_wdot_q11 - .,3,0,0,1,0,0
R_4lmivGixZawWJnZ,19,2,remote_wdot_q11 - .,1,1,0,0,0,0
R_2rwc0aGnzyearY2,18,2,remote_wdot_q11 - .,3,0,0,1,0,0
R_382gVwL48hx2Xfj,42,2,remote_wdot_q11 - .,4,0,0,0,1,0
R_28ZJ8Qg6p6VIvX7,21,2,remote_wdot_q11 - .,1,1,0,0,0,0
R_5JJxWxL7uxKTEu5,24,2,remote_wdot_q11 - .,3,0,0,1,0,0
R_42TLf4KJOjpWLTj,31,2,remote_wdot_q11 - .,4,0,0,0,1,0
R_1KU8ShenRlJUlJn,32,2,remote_wdot_q11 - .,3,0,0,1,0,0
R_24TnGqQqiz9CLhD,18,2,close_nodot_q12 - .,2,0,1,0,0,0
R_3g6i7kJ2vWAIevp,20,2,close_nodot_q12 - .,3,0,0,1,0,0
R_3U88hGIJXb5kvHb,45,2,close_nodot_q12 - .,4,0,0,0,1,0
R_1cnYXOduivuMrp7,20,2,close_nodot_q12 - .,3,0,0,1,0,0
R_8BsTK2rUjIFbhgA,43,2,close_nodot_q12 - .,3,0,0,1,0,0
R_3yJKf6E7UZXmlu9,43,2,close_nodot_q12 - .,3,0,0,1,0,0
R_4lmivGixZawWJnZ,19,2,close_nodot_q12 - .,3,0,0,1,0,0
R_2rwc0aGnzyearY2,18,2,close_nodot_q12 - .,3,0,0,1,0,0
R_382gVwL48hx2Xfj,42,2,close_nodot_q12 - .,4,0,0,0,1,0
R_28ZJ8Qg6p6VIvX7,21,2,close_nodot_q12 - .,1,1,0,0,0,0
R_5JJxWxL7uxKTEu5,24,2,close_nodot_q12 - .,3,0,0,1,0,0
R_42TLf4KJOjpWLTj,31,2,close_nodot_q12 - .,4,0,0,0,1,0
R_1KU8ShenRlJUlJn,32,2,close_nodot_q12 - .,3,0,0,1,0,0
R_24TnGqQqiz9CLhD,18,2,remote_nodot_q13 - .,2,0,1,0,0,0
R_3g6i7kJ2vWAIevp,20,2,remote_nodot_q13 - .,2,0,1,0,0,0
R_3U88hGIJXb5kvHb,45,2,remote_nodot_q13 - .,3,0,0,1,0,0
R_1cnYXOduivuMrp7,20,2,remote_nodot_q13 - .,3,0,0,1,0,0
R_8BsTK2rUjIFbhgA,43,2,remote_nodot_q13 - .,2,0,1,0,0,0
R_3yJKf6E7UZXmlu9,43,2,remote_nodot_q13 - .,2,0,1,0,0,0
R_4lmivGixZawWJnZ,19,2,remote_nodot_q13 - .,1,1,0,0,0,0
R_2rwc0aGnzyearY2,18,2,remote_nodot_q13 - .,3,0,0,1,0,0
R_382gVwL48hx2Xfj,42,2,remote_nodot_q13 - .,2,0,1,0,0,0
R_28ZJ8Qg6p6VIvX7,21,2,remote_nodot_q13 - .,1,1,0,0,0,0
R_5JJxWxL7uxKTEu5,24,2,remote_nodot_q13 - .,3,0,0,1,0,0
R_42TLf4KJOjpWLTj,31,2,remote_nodot_q13 - .,3,0,0,1,0,0
R_1KU8ShenRlJUlJn,32,2,remote_nodot_q13 - .,3,0,0,1,0,0
R_24TnGqQqiz9CLhD,18,2,close_wdot_q14 - .,1,1,0,0,0,0
R_3g6i7kJ2vWAIevp,20,2,close_wdot_q14 - .,2,0,1,0,0,0
R_3U88hGIJXb5kvHb,45,2,close_wdot_q14 - .,3,0,0,1,0,0
R_1cnYXOduivuMrp7,20,2,close_wdot_q14 - .,2,0,1,0,0,0
R_8BsTK2rUjIFbhgA,43,2,close_wdot_q14 - .,3,0,0,1,0,0
R_3yJKf6E7UZXmlu9,43,2,close_wdot_q14 - .,3,0,0,1,0,0
R_4lmivGixZawWJnZ,19,2,close_wdot_q14 - .,1,1,0,0,0,0
R_2rwc0aGnzyearY2,18,2,close_wdot_q14 - .,3,0,0,1,0,0
R_382gVwL48hx2Xfj,42,2,close_wdot_q14 - .,4,0,0,0,1,0
R_28ZJ8Qg6p6VIvX7,21,2,close_wdot_q14 - .,1,1,0,0,0,0
R_5JJxWxL7uxKTEu5,24,2,close_wdot_q14 - .,2,0,1,0,0,0
R_42TLf4KJOjpWLTj,31,2,close_wdot_q14 - .,4,0,0,0,1,0
R_1KU8ShenRlJUlJn,32,2,close_wdot_q14 - .,3,0,0,1,0,0
R_24TnGqQqiz9CLhD,18,2,remote_wdot_q15 - .,4,0,0,0,1,0
R_3g6i7kJ2vWAIevp,20,2,remote_wdot_q15 - .,3,0,0,1,0,0
R_3U88hGIJXb5kvHb,45,2,remote_wdot_q15 - .,3,0,0,1,0,0
R_1cnYXOduivuMrp7,20,2,remote_wdot_q15 - .,2,0,1,0,0,0
R_8BsTK2rUjIFbhgA,43,2,remote_wdot_q15 - .,3,0,0,1,0,0
R_3yJKf6E7UZXmlu9,43,2,remote_wdot_q15 - .,3,0,0,1,0,0
R_4lmivGixZawWJnZ,19,2,remote_wdot_q15 - .,3,0,0,1,0,0
R_2rwc0aGnzyearY2,18,2,remote_wdot_q15 - .,3,0,0,1,0,0
R_382gVwL48hx2Xfj,42,2,remote_wdot_q15 - .,4,0,0,0,1,0
R_28ZJ8Qg6p6VIvX7,21,2,remote_wdot_q15 - .,1,1,0,0,0,0
R_5JJxWxL7uxKTEu5,24,2,remote_wdot_q15 - .,3,0,0,1,0,0
R_42TLf4KJOjpWLTj,31,2,remote_wdot_q15 - .,4,0,0,0,1,0
R_1KU8ShenRlJUlJn,32,2,remote_wdot_q15 - .,4,0,0,0,1,0
R_24TnGqQqiz9CLhD,18,2,close_nodot_q16 - .,3,0,0,1,0,0
R_3g6i7kJ2vWAIevp,20,2,close_nodot_q16 - .,4,0,0,0,1,0
R_3U88hGIJXb5kvHb,45,2,close_nodot_q16 - .,4,0,0,0,1,0
R_1cnYXOduivuMrp7,20,2,close_nodot_q16 - .,3,0,0,1,0,0
R_8BsTK2rUjIFbhgA,43,2,close_nodot_q16 - .,3,0,0,1,0,0
R_3yJKf6E7UZXmlu9,43,2,close_nodot_q16 - .,3,0,0,1,0,0
R_4lmivGixZawWJnZ,19,2,close_nodot_q16 - .,4,0,0,0,1,0
R_2rwc0aGnzyearY2,18,2,close_nodot_q16 - .,4,0,0,0,1,0
R_382gVwL48hx2Xfj,42,2,close_nodot_q16 - .,3,0,0,1,0,0
R_28ZJ8Qg6p6VIvX7,21,2,close_nodot_q16 - .,1,1,0,0,0,0
R_5JJxWxL7uxKTEu5,24,2,close_nodot_q16 - .,3,0,0,1,0,0
R_42TLf4KJOjpWLTj,31,2,close_nodot_q16 - .,4,0,0,0,1,0
R_1KU8ShenRlJUlJn,32,2,close_nodot_q16 - .,3,0,0,1,0,0
R_24TnGqQqiz9CLhD,18,2,filler_1_positive - ..2,5,0,0,0,0,1
R_3g6i7kJ2vWAIevp,20,2,filler_1_positive - ..2,4,0,0,0,1,0
R_3U88hGIJXb5kvHb,45,2,filler_1_positive - ..2,5,0,0,0,0,1
R_1cnYXOduivuMrp7,20,2,filler_1_positive - ..2,5,0,0,0,0,1
R_8BsTK2rUjIFbhgA,43,2,filler_1_positive - ..2,5,0,0,0,0,1
R_3yJKf6E7UZXmlu9,43,2,filler_1_positive - ..2,5,0,0,0,0,1
R_4lmivGixZawWJnZ,19,2,filler_1_positive - ..2,4,0,0,0,1,0
R_2rwc0aGnzyearY2,18,2,filler_1_positive - ..2,5,0,0,0,0,1
R_382gVwL48hx2Xfj,42,2,filler_1_positive - ..2,4,0,0,0,1,0
R_28ZJ8Qg6p6VIvX7,21,2,filler_1_positive - ..2,1,1,0,0,0,0
R_5JJxWxL7uxKTEu5,24,2,filler_1_positive - ..2,5,0,0,0,0,1
R_42TLf4KJOjpWLTj,31,2,filler_1_positive - ..2,5,0,0,0,0,1
R_1KU8ShenRlJUlJn,32,2,filler_1_positive - ..2,5,0,0,0,0,1
R_24TnGqQqiz9CLhD,18,2,filler_2_positive - ..2,5,0,0,0,0,1
R_3g6i7kJ2vWAIevp,20,2,filler_2_positive - ..2,4,0,0,0,1,0
R_3U88hGIJXb5kvHb,45,2,filler_2_positive - ..2,5,0,0,0,0,1
R_1cnYXOduivuMrp7,20,2,filler_2_positive - ..2,4,0,0,0,1,0
R_8BsTK2rUjIFbhgA,43,2,filler_2_positive - ..2,5,0,0,0,0,1
R_3yJKf6E7UZXmlu9,43,2,filler_2_positive - ..2,5,0,0,0,0,1
R_4lmivGixZawWJnZ,19,2,filler_2_positive - ..2,5,0,0,0,0,1
R_2rwc0aGnzyearY2,18,2,filler_2_positive - ..2,5,0,0,0,0,1
R_382gVwL48hx2Xfj,42,2,filler_2_positive - ..2,4,0,0,0,1,0
R_5JJxWxL7uxKTEu5,24,2,filler_2_positive - ..2,5,0,0,0,0,1
R_42TLf4KJOjpWLTj,31,2,filler_2_positive - ..2,5,0,0,0,0,1
R_1KU8ShenRlJUlJn,32,2,filler_2_positive - ..2,5,0,0,0,0,1
R_24TnGqQqiz9CLhD,18,2,filler_3_negative - ..2,1,1,0,0,0,0
R_3g6i7kJ2vWAIevp,20,2,filler_3_negative - ..2,1,1,0,0,0,0
R_3U88hGIJXb5kvHb,45,2,filler_3_negative - ..2,2,0,1,0,0,0
R_1cnYXOduivuMrp7,20,2,filler_3_negative - ..2,1,1,0,0,0,0
R_8BsTK2rUjIFbhgA,43,2,filler_3_negative - ..2,1,1,0,0,0,0
R_3yJKf6E7UZXmlu9,43,2,filler_3_negative - ..2,1,1,0,0,0,0
R_4lmivGixZawWJnZ,19,2,filler_3_negative - ..2,3,0,0,1,0,0
R_2rwc0aGnzyearY2,18,2,filler_3_negative - ..2,1,1,0,0,0,0
R_382gVwL48hx2Xfj,42,2,filler_3_negative - ..2,1,1,0,0,0,0
R_5JJxWxL7uxKTEu5,24,2,filler_3_negative - ..2,1,1,0,0,0,0
R_42TLf4KJOjpWLTj,31,2,filler_3_negative - ..2,1,1,0,0,0,0
R_1KU8ShenRlJUlJn,32,2,filler_3_negative - ..2,1,1,0,0,0,0
R_24TnGqQqiz9CLhD,18,2,filler_4_negative - ..2,1,1,0,0,0,0
R_3g6i7kJ2vWAIevp,20,2,filler_4_negative - ..2,1,1,0,0,0,0
R_3U88hGIJXb5kvHb,45,2,filler_4_negative - ..2,3,0,0,1,0,0
R_1cnYXOduivuMrp7,20,2,filler_4_negative - ..2,2,0,1,0,0,0
R_8BsTK2rUjIFbhgA,43,2,filler_4_negative - ..2,1,1,0,0,0,0
R_3yJKf6E7UZXmlu9,43,2,filler_4_negative - ..2,1,1,0,0,0,0
R_4lmivGixZawWJnZ,19,2,filler_4_negative - ..2,1,1,0,0,0,0
R_2rwc0aGnzyearY2,18,2,filler_4_negative - ..2,1,1,0,0,0,0
R_382gVwL48hx2Xfj,42,2,filler_4_negative - ..2,1,1,0,0,0,0
R_28ZJ8Qg6p6VIvX7,21,2,filler_4_negative - ..2,1,1,0,0,0,0
R_5JJxWxL7uxKTEu5,24,2,filler_4_negative - ..2,1,1,0,0,0,0
R_42TLf4KJOjpWLTj,31,2,filler_4_negative - ..2,1,1,0,0,0,0
R_1KU8ShenRlJUlJn,32,2,filler_4_negative - ..2,1,1,0,0,0,0
R_24TnGqQqiz9CLhD,18,2,filler_5_positive - ..2,4,0,0,0,1,0
R_3g6i7kJ2vWAIevp,20,2,filler_5_positive - ..2,4,0,0,0,1,0
R_3U88hGIJXb5kvHb,45,2,filler_5_positive - ..2,5,0,0,0,0,1
R_1cnYXOduivuMrp7,20,2,filler_5_positive - ..2,5,0,0,0,0,1
R_8BsTK2rUjIFbhgA,43,2,filler_5_positive - ..2,5,0,0,0,0,1
R_3yJKf6E7UZXmlu9,43,2,filler_5_positive - ..2,5,0,0,0,0,1
R_4lmivGixZawWJnZ,19,2,filler_5_positive - ..2,5,0,0,0,0,1
R_2rwc0aGnzyearY2,18,2,filler_5_positive - ..2,5,0,0,0,0,1
R_382gVwL48hx2Xfj,42,2,filler_5_positive - ..2,3,0,0,1,0,0
R_5JJxWxL7uxKTEu5,24,2,filler_5_positive - ..2,5,0,0,0,0,1
R_42TLf4KJOjpWLTj,31,2,filler_5_positive - ..2,5,0,0,0,0,1
R_1KU8ShenRlJUlJn,32,2,filler_5_positive - ..2,5,0,0,0,0,1
R_24TnGqQqiz9CLhD,18,2,filler_6_positive - ..2,5,0,0,0,0,1
R_3g6i7kJ2vWAIevp,20,2,filler_6_positive - ..2,4,0,0,0,1,0
R_3U88hGIJXb5kvHb,45,2,filler_6_positive - ..2,5,0,0,0,0,1
R_1cnYXOduivuMrp7,20,2,filler_6_positive - ..2,4,0,0,0,1,0
R_8BsTK2rUjIFbhgA,43,2,filler_6_positive - ..2,5,0,0,0,0,1
R_3yJKf6E7UZXmlu9,43,2,filler_6_positive - ..2,5,0,0,0,0,1
R_4lmivGixZawWJnZ,19,2,filler_6_positive - ..2,4,0,0,0,1,0
R_2rwc0aGnzyearY2,18,2,filler_6_positive - ..2,4,0,0,0,1,0
R_382gVwL48hx2Xfj,42,2,filler_6_positive - ..2,3,0,0,1,0,0
R_28ZJ8Qg6p6VIvX7,21,2,filler_6_positive - ..2,1,1,0,0,0,0
R_5JJxWxL7uxKTEu5,24,2,filler_6_positive - ..2,5,0,0,0,0,1
R_42TLf4KJOjpWLTj,31,2,filler_6_positive - ..2,5,0,0,0,0,1
R_1KU8ShenRlJUlJn,32,2,filler_6_positive - ..2,5,0,0,0,0,1
R_24TnGqQqiz9CLhD,18,2,filler_7_negative - ..2,1,1,0,0,0,0
R_3g6i7kJ2vWAIevp,20,2,filler_7_negative - ..2,1,1,0,0,0,0
R_3U88hGIJXb5kvHb,45,2,filler_7_negative - ..2,1,1,0,0,0,0
R_1cnYXOduivuMrp7,20,2,filler_7_negative - ..2,1,1,0,0,0,0
R_8BsTK2rUjIFbhgA,43,2,filler_7_negative - ..2,1,1,0,0,0,0
R_3yJKf6E7UZXmlu9,43,2,filler_7_negative - ..2,1,1,0,0,0,0
R_4lmivGixZawWJnZ,19,2,filler_7_negative - ..2,1,1,0,0,0,0
R_2rwc0aGnzyearY2,18,2,filler_7_negative - ..2,2,0,1,0,0,0
R_382gVwL48hx2Xfj,42,2,filler_7_negative - ..2,1,1,0,0,0,0
R_28ZJ8Qg6p6VIvX7,21,2,filler_7_negative - ..2,1,1,0,0,0,0
R_5JJxWxL7uxKTEu5,24,2,filler_7_negative - ..2,1,1,0,0,0,0
R_42TLf4KJOjpWLTj,31,2,filler_7_negative - ..2,1,1,0,0,0,0
R_1KU8ShenRlJUlJn,32,2,filler_7_negative - ..2,1,1,0,0,0,0
R_24TnGqQqiz9CLhD,18,2,filler_8_negative - ..2,1,1,0,0,0,0
R_3g6i7kJ2vWAIevp,20,2,filler_8_negative - ..2,1,1,0,0,0,0
R_3U88hGIJXb5kvHb,45,2,filler_8_negative - ..2,1,1,0,0,0,0
R_1cnYXOduivuMrp7,20,2,filler_8_negative - ..2,1,1,0,0,0,0
R_8BsTK2rUjIFbhgA,43,2,filler_8_negative - ..2,1,1,0,0,0,0
R_3yJKf6E7UZXmlu9,43,2,filler_8_negative - ..2,1,1,0,0,0,0
R_4lmivGixZawWJnZ,19,2,filler_8_negative - ..2,1,1,0,0,0,0
R_2rwc0aGnzyearY2,18,2,filler_8_negative - ..2,1,1,0,0,0,0
R_382gVwL48hx2Xfj,42,2,filler_8_negative - ..2,1,1,0,0,0,0
R_28ZJ8Qg6p6VIvX7,21,2,filler_8_negative - ..2,1,1,0,0,0,0
R_5JJxWxL7uxKTEu5,24,2,filler_8_negative - ..2,1,1,0,0,0,0
R_42TLf4KJOjpWLTj,31,2,filler_8_negative - ..2,1,1,0,0,0,0
R_1KU8ShenRlJUlJn,32,2,filler_8_negative - ..2,1,1,0,0,0,0
R_2mW51cWv6hIQx1L,30,1,close_nodot_q1 - .,5,0,0,0,0,1
R_5C9dsc5zpAfAKwe,45,1,close_nodot_q1 - .,5,0,0,0,0,1
R_4B96pvFjmL41ImB,18,1,close_nodot_q1 - .,3,0,0,1,0,0
R_4sbAUi24NiQIfrO,20,1,close_nodot_q1 - .,4,0,0,0,1,0
R_2EYCfowL9jpa7UR,20,1,close_nodot_q1 - .,2,0,1,0,0,0
R_5mIQuZFOZ2cQFDe,19,1,close_nodot_q1 - .,4,0,0,0,1,0
R_2OvgrO5H2OvsT3w,36,1,close_nodot_q1 - .,4,0,0,0,1,0
R_42yrRdgfygClf3G,41,1,close_nodot_q1 - .,5,0,0,0,0,1
R_85HH2FQEC3EG6mc,43,1,close_nodot_q1 - .,4,0,0,0,1,0
R_1OkRuABVIumPQf8,39,1,close_nodot_q1 - .,5,0,0,0,0,1
R_2fIPpG3MxMuUQoX,67,1,close_nodot_q1 - .,3,0,0,1,0,0
R_4zzN3WgLF5yxBzX,41,1,close_nodot_q1 - .,3,0,0,1,0,0
R_47CbnoiPoyaLWlr,63,1,close_nodot_q1 - .,3,0,0,1,0,0
R_4fAKziRoM5ZA7pP,59,1,close_nodot_q1 - .,4,0,0,0,1,0
R_2mW51cWv6hIQx1L,30,1,remote_nodot_q2 - .,3,0,0,1,0,0
R_5C9dsc5zpAfAKwe,45,1,remote_nodot_q2 - .,4,0,0,0,1,0
R_4B96pvFjmL41ImB,18,1,remote_nodot_q2 - .,3,0,0,1,0,0
R_4sbAUi24NiQIfrO,20,1,remote_nodot_q2 - .,4,0,0,0,1,0
R_2EYCfowL9jpa7UR,20,1,remote_nodot_q2 - .,2,0,1,0,0,0
R_5mIQuZFOZ2cQFDe,19,1,remote_nodot_q2 - .,4,0,0,0,1,0
R_2OvgrO5H2OvsT3w,36,1,remote_nodot_q2 - .,4,0,0,0,1,0
R_42yrRdgfygClf3G,41,1,remote_nodot_q2 - .,5,0,0,0,0,1
R_85HH2FQEC3EG6mc,43,1,remote_nodot_q2 - .,4,0,0,0,1,0
R_1OkRuABVIumPQf8,39,1,remote_nodot_q2 - .,4,0,0,0,1,0
R_2fIPpG3MxMuUQoX,67,1,remote_nodot_q2 - .,4,0,0,0,1,0
R_4zzN3WgLF5yxBzX,41,1,remote_nodot_q2 - .,3,0,0,1,0,0
R_47CbnoiPoyaLWlr,63,1,remote_nodot_q2 - .,4,0,0,0,1,0
R_4fAKziRoM5ZA7pP,59,1,remote_nodot_q2 - .,3,0,0,1,0,0
R_2mW51cWv6hIQx1L,30,1,close_wdot_q3 - .,4,0,0,0,1,0
R_5C9dsc5zpAfAKwe,45,1,close_wdot_q3 - .,3,0,0,1,0,0
R_4B96pvFjmL41ImB,18,1,close_wdot_q3 - .,2,0,1,0,0,0
R_4sbAUi24NiQIfrO,20,1,close_wdot_q3 - .,3,0,0,1,0,0
R_2EYCfowL9jpa7UR,20,1,close_wdot_q3 - .,2,0,1,0,0,0
R_5mIQuZFOZ2cQFDe,19,1,close_wdot_q3 - .,4,0,0,0,1,0
R_2OvgrO5H2OvsT3w,36,1,close_wdot_q3 - .,3,0,0,1,0,0
R_42yrRdgfygClf3G,41,1,close_wdot_q3 - .,5,0,0,0,0,1
R_85HH2FQEC3EG6mc,43,1,close_wdot_q3 - .,3,0,0,1,0,0
R_1OkRuABVIumPQf8,39,1,close_wdot_q3 - .,4,0,0,0,1,0
R_2fIPpG3MxMuUQoX,67,1,close_wdot_q3 - .,3,0,0,1,0,0
R_4zzN3WgLF5yxBzX,41,1,close_wdot_q3 - .,4,0,0,0,1,0
R_47CbnoiPoyaLWlr,63,1,close_wdot_q3 - .,3,0,0,1,0,0
R_4fAKziRoM5ZA7pP,59,1,close_wdot_q3 - .,3,0,0,1,0,0
R_2mW51cWv6hIQx1L,30,1,remote_wdot_q4 - .,4,0,0,0,1,0
R_5C9dsc5zpAfAKwe,45,1,remote_wdot_q4 - .,5,0,0,0,0,1
R_4B96pvFjmL41ImB,18,1,remote_wdot_q4 - .,2,0,1,0,0,0
R_4sbAUi24NiQIfrO,20,1,remote_wdot_q4 - .,3,0,0,1,0,0
R_2EYCfowL9jpa7UR,20,1,remote_wdot_q4 - .,4,0,0,0,1,0
R_5mIQuZFOZ2cQFDe,19,1,remote_wdot_q4 - .,2,0,1,0,0,0
R_2OvgrO5H2OvsT3w,36,1,remote_wdot_q4 - .,3,0,0,1,0,0
R_42yrRdgfygClf3G,41,1,remote_wdot_q4 - .,5,0,0,0,0,1
R_85HH2FQEC3EG6mc,43,1,remote_wdot_q4 - .,4,0,0,0,1,0
R_1OkRuABVIumPQf8,39,1,remote_wdot_q4 - .,4,0,0,0,1,0
R_2fIPpG3MxMuUQoX,67,1,remote_wdot_q4 - .,3,0,0,1,0,0
R_4zzN3WgLF5yxBzX,41,1,remote_wdot_q4 - .,4,0,0,0,1,0
R_47CbnoiPoyaLWlr,63,1,remote_wdot_q4 - .,4,0,0,0,1,0
R_4fAKziRoM5ZA7pP,59,1,remote_wdot_q4 - .,4,0,0,0,1,0
R_2mW51cWv6hIQx1L,30,1,close_nodot_q5 - .,5,0,0,0,0,1
R_5C9dsc5zpAfAKwe,45,1,close_nodot_q5 - .,4,0,0,0,1,0
R_4B96pvFjmL41ImB,18,1,close_nodot_q5 - .,3,0,0,1,0,0
R_4sbAUi24NiQIfrO,20,1,close_nodot_q5 - .,4,0,0,0,1,0
R_2EYCfowL9jpa7UR,20,1,close_nodot_q5 - .,3,0,0,1,0,0
R_5mIQuZFOZ2cQFDe,19,1,close_nodot_q5 - .,3,0,0,1,0,0
R_2OvgrO5H2OvsT3w,36,1,close_nodot_q5 - .,4,0,0,0,1,0
R_42yrRdgfygClf3G,41,1,close_nodot_q5 - .,5,0,0,0,0,1
R_85HH2FQEC3EG6mc,43,1,close_nodot_q5 - .,4,0,0,0,1,0
R_1OkRuABVIumPQf8,39,1,close_nodot_q5 - .,4,0,0,0,1,0
R_2fIPpG3MxMuUQoX,67,1,close_nodot_q5 - .,3,0,0,1,0,0
R_4zzN3WgLF5yxBzX,41,1,close_nodot_q5 - .,5,0,0,0,0,1
R_47CbnoiPoyaLWlr,63,1,close_nodot_q5 - .,3,0,0,1,0,0
R_4fAKziRoM5ZA7pP,59,1,close_nodot_q5 - .,5,0,0,0,0,1
R_2mW51cWv6hIQx1L,30,1,remote_nodot_q6 - .,4,0,0,0,1,0
R_5C9dsc5zpAfAKwe,45,1,remote_nodot_q6 - .,4,0,0,0,1,0
R_4B96pvFjmL41ImB,18,1,remote_nodot_q6 - .,4,0,0,0,1,0
R_4sbAUi24NiQIfrO,20,1,remote_nodot_q6 - .,4,0,0,0,1,0
R_2EYCfowL9jpa7UR,20,1,remote_nodot_q6 - .,3,0,0,1,0,0
R_5mIQuZFOZ2cQFDe,19,1,remote_nodot_q6 - .,3,0,0,1,0,0
R_2OvgrO5H2OvsT3w,36,1,remote_nodot_q6 - .,3,0,0,1,0,0
R_42yrRdgfygClf3G,41,1,remote_nodot_q6 - .,5,0,0,0,0,1
R_85HH2FQEC3EG6mc,43,1,remote_nodot_q6 - .,4,0,0,0,1,0
R_1OkRuABVIumPQf8,39,1,remote_nodot_q6 - .,3,0,0,1,0,0
R_2fIPpG3MxMuUQoX,67,1,remote_nodot_q6 - .,3,0,0,1,0,0
R_4zzN3WgLF5yxBzX,41,1,remote_nodot_q6 - .,4,0,0,0,1,0
R_47CbnoiPoyaLWlr,63,1,remote_nodot_q6 - .,3,0,0,1,0,0
R_4fAKziRoM5ZA7pP,59,1,remote_nodot_q6 - .,4,0,0,0,1,0
R_2mW51cWv6hIQx1L,30,1,close_wdot_q7 - .,5,0,0,0,0,1
R_5C9dsc5zpAfAKwe,45,1,close_wdot_q7 - .,4,0,0,0,1,0
R_4B96pvFjmL41ImB,18,1,close_wdot_q7 - .,2,0,1,0,0,0
R_4sbAUi24NiQIfrO,20,1,close_wdot_q7 - .,2,0,1,0,0,0
R_2EYCfowL9jpa7UR,20,1,close_wdot_q7 - .,3,0,0,1,0,0
R_5mIQuZFOZ2cQFDe,19,1,close_wdot_q7 - .,2,0,1,0,0,0
R_2OvgrO5H2OvsT3w,36,1,close_wdot_q7 - .,3,0,0,1,0,0
R_42yrRdgfygClf3G,41,1,close_wdot_q7 - .,5,0,0,0,0,1
R_85HH2FQEC3EG6mc,43,1,close_wdot_q7 - .,4,0,0,0,1,0
R_1OkRuABVIumPQf8,39,1,close_wdot_q7 - .,4,0,0,0,1,0
R_2fIPpG3MxMuUQoX,67,1,close_wdot_q7 - .,3,0,0,1,0,0
R_4zzN3WgLF5yxBzX,41,1,close_wdot_q7 - .,3,0,0,1,0,0
R_47CbnoiPoyaLWlr,63,1,close_wdot_q7 - .,3,0,0,1,0,0
R_4fAKziRoM5ZA7pP,59,1,close_wdot_q7 - .,3,0,0,1,0,0
R_2mW51cWv6hIQx1L,30,1,remote_wdot_q8 - /.,5,0,0,0,0,1
R_5C9dsc5zpAfAKwe,45,1,remote_wdot_q8 - /.,4,0,0,0,1,0
R_4B96pvFjmL41ImB,18,1,remote_wdot_q8 - /.,1,1,0,0,0,0
R_4sbAUi24NiQIfrO,20,1,remote_wdot_q8 - /.,4,0,0,0,1,0
R_2EYCfowL9jpa7UR,20,1,remote_wdot_q8 - /.,1,1,0,0,0,0
R_5mIQuZFOZ2cQFDe,19,1,remote_wdot_q8 - /.,3,0,0,1,0,0
R_2OvgrO5H2OvsT3w,36,1,remote_wdot_q8 - /.,4,0,0,0,1,0
R_42yrRdgfygClf3G,41,1,remote_wdot_q8 - /.,5,0,0,0,0,1
R_85HH2FQEC3EG6mc,43,1,remote_wdot_q8 - /.,4,0,0,0,1,0
R_1OkRuABVIumPQf8,39,1,remote_wdot_q8 - /.,4,0,0,0,1,0
R_2fIPpG3MxMuUQoX,67,1,remote_wdot_q8 - /.,3,0,0,1,0,0
R_4zzN3WgLF5yxBzX,41,1,remote_wdot_q8 - /.,3,0,0,1,0,0
R_47CbnoiPoyaLWlr,63,1,remote_wdot_q8 - /.,3,0,0,1,0,0
R_4fAKziRoM5ZA7pP,59,1,remote_wdot_q8 - /.,4,0,0,0,1,0
R_2mW51cWv6hIQx1L,30,1,close_nodot_q9 - .,3,0,0,1,0,0
R_5C9dsc5zpAfAKwe,45,1,close_nodot_q9 - .,3,0,0,1,0,0
R_4B96pvFjmL41ImB,18,1,close_nodot_q9 - .,3,0,0,1,0,0
R_4sbAUi24NiQIfrO,20,1,close_nodot_q9 - .,3,0,0,1,0,0
R_2EYCfowL9jpa7UR,20,1,close_nodot_q9 - .,2,0,1,0,0,0
R_5mIQuZFOZ2cQFDe,19,1,close_nodot_q9 - .,4,0,0,0,1,0
R_2OvgrO5H2OvsT3w,36,1,close_nodot_q9 - .,4,0,0,0,1,0
R_42yrRdgfygClf3G,41,1,close_nodot_q9 - .,5,0,0,0,0,1
R_85HH2FQEC3EG6mc,43,1,close_nodot_q9 - .,2,0,1,0,0,0
R_1OkRuABVIumPQf8,39,1,close_nodot_q9 - .,3,0,0,1,0,0
R_2fIPpG3MxMuUQoX,67,1,close_nodot_q9 - .,3,0,0,1,0,0
R_4zzN3WgLF5yxBzX,41,1,close_nodot_q9 - .,2,0,1,0,0,0
R_47CbnoiPoyaLWlr,63,1,close_nodot_q9 - .,3,0,0,1,0,0
R_4fAKziRoM5ZA7pP,59,1,close_nodot_q9 - .,4,0,0,0,1,0
R_2mW51cWv6hIQx1L,30,1,remote_nodot_q10 - .,3,0,0,1,0,0
R_5C9dsc5zpAfAKwe,45,1,remote_nodot_q10 - .,4,0,0,0,1,0
R_4B96pvFjmL41ImB,18,1,remote_nodot_q10 - .,2,0,1,0,0,0
R_4sbAUi24NiQIfrO,20,1,remote_nodot_q10 - .,3,0,0,1,0,0
R_2EYCfowL9jpa7UR,20,1,remote_nodot_q10 - .,1,1,0,0,0,0
R_5mIQuZFOZ2cQFDe,19,1,remote_nodot_q10 - .,3,0,0,1,0,0
R_2OvgrO5H2OvsT3w,36,1,remote_nodot_q10 - .,4,0,0,0,1,0
R_42yrRdgfygClf3G,41,1,remote_nodot_q10 - .,5,0,0,0,0,1
R_85HH2FQEC3EG6mc,43,1,remote_nodot_q10 - .,3,0,0,1,0,0
R_1OkRuABVIumPQf8,39,1,remote_nodot_q10 - .,4,0,0,0,1,0
R_2fIPpG3MxMuUQoX,67,1,remote_nodot_q10 - .,3,0,0,1,0,0
R_4zzN3WgLF5yxBzX,41,1,remote_nodot_q10 - .,1,1,0,0,0,0
R_47CbnoiPoyaLWlr,63,1,remote_nodot_q10 - .,3,0,0,1,0,0
R_4fAKziRoM5ZA7pP,59,1,remote_nodot_q10 - .,2,0,1,0,0,0
R_2mW51cWv6hIQx1L,30,1,close_wdot_q11 - .,4,0,0,0,1,0
R_5C9dsc5zpAfAKwe,45,1,close_wdot_q11 - .,3,0,0,1,0,0
R_4sbAUi24NiQIfrO,20,1,close_wdot_q11 - .,4,0,0,0,1,0
R_2EYCfowL9jpa7UR,20,1,close_wdot_q11 - .,2,0,1,0,0,0
R_5mIQuZFOZ2cQFDe,19,1,close_wdot_q11 - .,3,0,0,1,0,0
R_2OvgrO5H2OvsT3w,36,1,close_wdot_q11 - .,3,0,0,1,0,0
R_42yrRdgfygClf3G,41,1,close_wdot_q11 - .,5,0,0,0,0,1
R_85HH2FQEC3EG6mc,43,1,close_wdot_q11 - .,4,0,0,0,1,0
R_1OkRuABVIumPQf8,39,1,close_wdot_q11 - .,5,0,0,0,0,1
R_2fIPpG3MxMuUQoX,67,1,close_wdot_q11 - .,3,0,0,1,0,0
R_4zzN3WgLF5yxBzX,41,1,close_wdot_q11 - .,4,0,0,0,1,0
R_47CbnoiPoyaLWlr,63,1,close_wdot_q11 - .,3,0,0,1,0,0
R_4fAKziRoM5ZA7pP,59,1,close_wdot_q11 - .,4,0,0,0,1,0
R_2mW51cWv6hIQx1L,30,1,remote_wdot_q1 - ..1,4,0,0,0,1,0
R_5C9dsc5zpAfAKwe,45,1,remote_wdot_q1 - ..1,4,0,0,0,1,0
R_4sbAUi24NiQIfrO,20,1,remote_wdot_q1 - ..1,2,0,1,0,0,0
R_2EYCfowL9jpa7UR,20,1,remote_wdot_q1 - ..1,1,1,0,0,0,0
R_5mIQuZFOZ2cQFDe,19,1,remote_wdot_q1 - ..1,2,0,1,0,0,0
R_2OvgrO5H2OvsT3w,36,1,remote_wdot_q1 - ..1,4,0,0,0,1,0
R_42yrRdgfygClf3G,41,1,remote_wdot_q1 - ..1,5,0,0,0,0,1
R_85HH2FQEC3EG6mc,43,1,remote_wdot_q1 - ..1,3,0,0,1,0,0
R_1OkRuABVIumPQf8,39,1,remote_wdot_q1 - ..1,4,0,0,0,1,0
R_2fIPpG3MxMuUQoX,67,1,remote_wdot_q1 - ..1,4,0,0,0,1,0
R_4zzN3WgLF5yxBzX,41,1,remote_wdot_q1 - ..1,3,0,0,1,0,0
R_47CbnoiPoyaLWlr,63,1,remote_wdot_q1 - ..1,4,0,0,0,1,0
R_4fAKziRoM5ZA7pP,59,1,remote_wdot_q1 - ..1,3,0,0,1,0,0
R_2mW51cWv6hIQx1L,30,1,close_nodot_q13 - .,2,0,1,0,0,0
R_5C9dsc5zpAfAKwe,45,1,close_nodot_q13 - .,2,0,1,0,0,0
R_4B96pvFjmL41ImB,18,1,close_nodot_q13 - .,3,0,0,1,0,0
R_4sbAUi24NiQIfrO,20,1,close_nodot_q13 - .,3,0,0,1,0,0
R_2EYCfowL9jpa7UR,20,1,close_nodot_q13 - .,1,1,0,0,0,0
R_5mIQuZFOZ2cQFDe,19,1,close_nodot_q13 - .,3,0,0,1,0,0
R_2OvgrO5H2OvsT3w,36,1,close_nodot_q13 - .,2,0,1,0,0,0
R_42yrRdgfygClf3G,41,1,close_nodot_q13 - .,5,0,0,0,0,1
R_85HH2FQEC3EG6mc,43,1,close_nodot_q13 - .,3,0,0,1,0,0
R_1OkRuABVIumPQf8,39,1,close_nodot_q13 - .,5,0,0,0,0,1
R_2fIPpG3MxMuUQoX,67,1,close_nodot_q13 - .,3,0,0,1,0,0
R_4zzN3WgLF5yxBzX,41,1,close_nodot_q13 - .,2,0,1,0,0,0
R_47CbnoiPoyaLWlr,63,1,close_nodot_q13 - .,2,0,1,0,0,0
R_4fAKziRoM5ZA7pP,59,1,close_nodot_q13 - .,3,0,0,1,0,0
R_2mW51cWv6hIQx1L,30,1,remote_nodot_q14 - .,4,0,0,0,1,0
R_5C9dsc5zpAfAKwe,45,1,remote_nodot_q14 - .,4,0,0,0,1,0
R_4B96pvFjmL41ImB,18,1,remote_nodot_q14 - .,3,0,0,1,0,0
R_4sbAUi24NiQIfrO,20,1,remote_nodot_q14 - .,4,0,0,0,1,0
R_2EYCfowL9jpa7UR,20,1,remote_nodot_q14 - .,1,1,0,0,0,0
R_5mIQuZFOZ2cQFDe,19,1,remote_nodot_q14 - .,4,0,0,0,1,0
R_2OvgrO5H2OvsT3w,36,1,remote_nodot_q14 - .,4,0,0,0,1,0
R_42yrRdgfygClf3G,41,1,remote_nodot_q14 - .,5,0,0,0,0,1
R_85HH2FQEC3EG6mc,43,1,remote_nodot_q14 - .,4,0,0,0,1,0
R_1OkRuABVIumPQf8,39,1,remote_nodot_q14 - .,4,0,0,0,1,0
R_2fIPpG3MxMuUQoX,67,1,remote_nodot_q14 - .,3,0,0,1,0,0
R_4zzN3WgLF5yxBzX,41,1,remote_nodot_q14 - .,2,0,1,0,0,0
R_47CbnoiPoyaLWlr,63,1,remote_nodot_q14 - .,4,0,0,0,1,0
R_4fAKziRoM5ZA7pP,59,1,remote_nodot_q14 - .,4,0,0,0,1,0
R_2mW51cWv6hIQx1L,30,1,close_wdot_q15 - .,4,0,0,0,1,0
R_5C9dsc5zpAfAKwe,45,1,close_wdot_q15 - .,4,0,0,0,1,0
R_4B96pvFjmL41ImB,18,1,close_wdot_q15 - .,1,1,0,0,0,0
R_4sbAUi24NiQIfrO,20,1,close_wdot_q15 - .,3,0,0,1,0,0
R_2EYCfowL9jpa7UR,20,1,close_wdot_q15 - .,2,0,1,0,0,0
R_5mIQuZFOZ2cQFDe,19,1,close_wdot_q15 - .,3,0,0,1,0,0
R_2OvgrO5H2OvsT3w,36,1,close_wdot_q15 - .,4,0,0,0,1,0
R_42yrRdgfygClf3G,41,1,close_wdot_q15 - .,5,0,0,0,0,1
R_85HH2FQEC3EG6mc,43,1,close_wdot_q15 - .,4,0,0,0,1,0
R_1OkRuABVIumPQf8,39,1,close_wdot_q15 - .,5,0,0,0,0,1
R_2fIPpG3MxMuUQoX,67,1,close_wdot_q15 - .,4,0,0,0,1,0
R_4zzN3WgLF5yxBzX,41,1,close_wdot_q15 - .,5,0,0,0,0,1
R_47CbnoiPoyaLWlr,63,1,close_wdot_q15 - .,4,0,0,0,1,0
R_4fAKziRoM5ZA7pP,59,1,close_wdot_q15 - .,4,0,0,0,1,0
R_2mW51cWv6hIQx1L,30,1,remote_wdot_q16 - .,2,0,1,0,0,0
R_5C9dsc5zpAfAKwe,45,1,remote_wdot_q16 - .,2,0,1,0,0,0
R_4B96pvFjmL41ImB,18,1,remote_wdot_q16 - .,1,1,0,0,0,0
R_4sbAUi24NiQIfrO,20,1,remote_wdot_q16 - .,3,0,0,1,0,0
R_2EYCfowL9jpa7UR,20,1,remote_wdot_q16 - .,1,1,0,0,0,0
R_5mIQuZFOZ2cQFDe,19,1,remote_wdot_q16 - .,3,0,0,1,0,0
R_2OvgrO5H2OvsT3w,36,1,remote_wdot_q16 - .,2,0,1,0,0,0
R_42yrRdgfygClf3G,41,1,remote_wdot_q16 - .,5,0,0,0,0,1
R_85HH2FQEC3EG6mc,43,1,remote_wdot_q16 - .,3,0,0,1,0,0
R_1OkRuABVIumPQf8,39,1,remote_wdot_q16 - .,4,0,0,0,1,0
R_2fIPpG3MxMuUQoX,67,1,remote_wdot_q16 - .,4,0,0,0,1,0
R_4zzN3WgLF5yxBzX,41,1,remote_wdot_q16 - .,5,0,0,0,0,1
R_47CbnoiPoyaLWlr,63,1,remote_wdot_q16 - .,3,0,0,1,0,0
R_4fAKziRoM5ZA7pP,59,1,remote_wdot_q16 - .,4,0,0,0,1,0
R_2mW51cWv6hIQx1L,30,1,filler_1_positive - ..3,5,0,0,0,0,1
R_5C9dsc5zpAfAKwe,45,1,filler_1_positive - ..3,5,0,0,0,0,1
R_4B96pvFjmL41ImB,18,1,filler_1_positive - ..3,5,0,0,0,0,1
R_4sbAUi24NiQIfrO,20,1,filler_1_positive - ..3,5,0,0,0,0,1
R_2EYCfowL9jpa7UR,20,1,filler_1_positive - ..3,4,0,0,0,1,0
R_5mIQuZFOZ2cQFDe,19,1,filler_1_positive - ..3,4,0,0,0,1,0
R_2OvgrO5H2OvsT3w,36,1,filler_1_positive - ..3,5,0,0,0,0,1
R_42yrRdgfygClf3G,41,1,filler_1_positive - ..3,5,0,0,0,0,1
R_85HH2FQEC3EG6mc,43,1,filler_1_positive - ..3,5,0,0,0,0,1
R_1OkRuABVIumPQf8,39,1,filler_1_positive - ..3,5,0,0,0,0,1
R_2fIPpG3MxMuUQoX,67,1,filler_1_positive - ..3,5,0,0,0,0,1
R_4zzN3WgLF5yxBzX,41,1,filler_1_positive - ..3,5,0,0,0,0,1
R_47CbnoiPoyaLWlr,63,1,filler_1_positive - ..3,5,0,0,0,0,1
R_4fAKziRoM5ZA7pP,59,1,filler_1_positive - ..3,5,0,0,0,0,1
R_2mW51cWv6hIQx1L,30,1,filler_2_positive - ..3,5,0,0,0,0,1
R_5C9dsc5zpAfAKwe,45,1,filler_2_positive - ..3,5,0,0,0,0,1
R_4B96pvFjmL41ImB,18,1,filler_2_positive - ..3,5,0,0,0,0,1
R_4sbAUi24NiQIfrO,20,1,filler_2_positive - ..3,5,0,0,0,0,1
R_2EYCfowL9jpa7UR,20,1,filler_2_positive - ..3,5,0,0,0,0,1
R_5mIQuZFOZ2cQFDe,19,1,filler_2_positive - ..3,4,0,0,0,1,0
R_2OvgrO5H2OvsT3w,36,1,filler_2_positive - ..3,5,0,0,0,0,1
R_42yrRdgfygClf3G,41,1,filler_2_positive - ..3,5,0,0,0,0,1
R_85HH2FQEC3EG6mc,43,1,filler_2_positive - ..3,4,0,0,0,1,0
R_1OkRuABVIumPQf8,39,1,filler_2_positive - ..3,5,0,0,0,0,1
R_2fIPpG3MxMuUQoX,67,1,filler_2_positive - ..3,5,0,0,0,0,1
R_4zzN3WgLF5yxBzX,41,1,filler_2_positive - ..3,3,0,0,1,0,0
R_47CbnoiPoyaLWlr,63,1,filler_2_positive - ..3,5,0,0,0,0,1
R_4fAKziRoM5ZA7pP,59,1,filler_2_positive - ..3,3,0,0,1,0,0
R_2mW51cWv6hIQx1L,30,1,filler_3_negative - ..3,2,0,1,0,0,0
R_5C9dsc5zpAfAKwe,45,1,filler_3_negative - ..3,3,0,0,1,0,0
R_4B96pvFjmL41ImB,18,1,filler_3_negative - ..3,2,0,1,0,0,0
R_4sbAUi24NiQIfrO,20,1,filler_3_negative - ..3,3,0,0,1,0,0
R_2EYCfowL9jpa7UR,20,1,filler_3_negative - ..3,1,1,0,0,0,0
R_5mIQuZFOZ2cQFDe,19,1,filler_3_negative - ..3,1,1,0,0,0,0
R_2OvgrO5H2OvsT3w,36,1,filler_3_negative - ..3,1,1,0,0,0,0
R_42yrRdgfygClf3G,41,1,filler_3_negative - ..3,5,0,0,0,0,1
R_85HH2FQEC3EG6mc,43,1,filler_3_negative - ..3,1,1,0,0,0,0
R_1OkRuABVIumPQf8,39,1,filler_3_negative - ..3,4,0,0,0,1,0
R_2fIPpG3MxMuUQoX,67,1,filler_3_negative - ..3,1,1,0,0,0,0
R_4zzN3WgLF5yxBzX,41,1,filler_3_negative - ..3,1,1,0,0,0,0
R_47CbnoiPoyaLWlr,63,1,filler_3_negative - ..3,1,1,0,0,0,0
R_4fAKziRoM5ZA7pP,59,1,filler_3_negative - ..3,1,1,0,0,0,0
R_2mW51cWv6hIQx1L,30,1,filler_4_negative - ..3,1,1,0,0,0,0
R_5C9dsc5zpAfAKwe,45,1,filler_4_negative - ..3,1,1,0,0,0,0
R_4B96pvFjmL41ImB,18,1,filler_4_negative - ..3,3,0,0,1,0,0
R_4sbAUi24NiQIfrO,20,1,filler_4_negative - ..3,2,0,1,0,0,0
R_2EYCfowL9jpa7UR,20,1,filler_4_negative - ..3,1,1,0,0,0,0
R_5mIQuZFOZ2cQFDe,19,1,filler_4_negative - ..3,1,1,0,0,0,0
R_2OvgrO5H2OvsT3w,36,1,filler_4_negative - ..3,2,0,1,0,0,0
R_42yrRdgfygClf3G,41,1,filler_4_negative - ..3,5,0,0,0,0,1
R_85HH2FQEC3EG6mc,43,1,filler_4_negative - ..3,2,0,1,0,0,0
R_1OkRuABVIumPQf8,39,1,filler_4_negative - ..3,5,0,0,0,0,1
R_2fIPpG3MxMuUQoX,67,1,filler_4_negative - ..3,2,0,1,0,0,0
R_4zzN3WgLF5yxBzX,41,1,filler_4_negative - ..3,1,1,0,0,0,0
R_47CbnoiPoyaLWlr,63,1,filler_4_negative - ..3,1,1,0,0,0,0
R_4fAKziRoM5ZA7pP,59,1,filler_4_negative - ..3,2,0,1,0,0,0
R_2mW51cWv6hIQx1L,30,1,filler_5_positive - ..3,5,0,0,0,0,1
R_5C9dsc5zpAfAKwe,45,1,filler_5_positive - ..3,5,0,0,0,0,1
R_4B96pvFjmL41ImB,18,1,filler_5_positive - ..3,4,0,0,0,1,0
R_4sbAUi24NiQIfrO,20,1,filler_5_positive - ..3,5,0,0,0,0,1
R_2EYCfowL9jpa7UR,20,1,filler_5_positive - ..3,5,0,0,0,0,1
R_5mIQuZFOZ2cQFDe,19,1,filler_5_positive - ..3,4,0,0,0,1,0
R_2OvgrO5H2OvsT3w,36,1,filler_5_positive - ..3,5,0,0,0,0,1
R_42yrRdgfygClf3G,41,1,filler_5_positive - ..3,5,0,0,0,0,1
R_85HH2FQEC3EG6mc,43,1,filler_5_positive - ..3,5,0,0,0,0,1
R_1OkRuABVIumPQf8,39,1,filler_5_positive - ..3,5,0,0,0,0,1
R_2fIPpG3MxMuUQoX,67,1,filler_5_positive - ..3,5,0,0,0,0,1
R_4zzN3WgLF5yxBzX,41,1,filler_5_positive - ..3,4,0,0,0,1,0
R_47CbnoiPoyaLWlr,63,1,filler_5_positive - ..3,5,0,0,0,0,1
R_4fAKziRoM5ZA7pP,59,1,filler_5_positive - ..3,4,0,0,0,1,0
R_2mW51cWv6hIQx1L,30,1,filler_6_positive - ..3,5,0,0,0,0,1
R_5C9dsc5zpAfAKwe,45,1,filler_6_positive - ..3,5,0,0,0,0,1
R_4B96pvFjmL41ImB,18,1,filler_6_positive - ..3,4,0,0,0,1,0
R_4sbAUi24NiQIfrO,20,1,filler_6_positive - ..3,5,0,0,0,0,1
R_2EYCfowL9jpa7UR,20,1,filler_6_positive - ..3,4,0,0,0,1,0
R_5mIQuZFOZ2cQFDe,19,1,filler_6_positive - ..3,4,0,0,0,1,0
R_2OvgrO5H2OvsT3w,36,1,filler_6_positive - ..3,5,0,0,0,0,1
R_42yrRdgfygClf3G,41,1,filler_6_positive - ..3,5,0,0,0,0,1
R_85HH2FQEC3EG6mc,43,1,filler_6_positive - ..3,5,0,0,0,0,1
R_1OkRuABVIumPQf8,39,1,filler_6_positive - ..3,5,0,0,0,0,1
R_2fIPpG3MxMuUQoX,67,1,filler_6_positive - ..3,5,0,0,0,0,1
R_4zzN3WgLF5yxBzX,41,1,filler_6_positive - ..3,5,0,0,0,0,1
R_47CbnoiPoyaLWlr,63,1,filler_6_positive - ..3,4,0,0,0,1,0
R_4fAKziRoM5ZA7pP,59,1,filler_6_positive - ..3,5,0,0,0,0,1
R_2mW51cWv6hIQx1L,30,1,filler_7_negative - ..3,1,1,0,0,0,0
R_5C9dsc5zpAfAKwe,45,1,filler_7_negative - ..3,1,1,0,0,0,0
R_4B96pvFjmL41ImB,18,1,filler_7_negative - ..3,1,1,0,0,0,0
R_4sbAUi24NiQIfrO,20,1,filler_7_negative - ..3,1,1,0,0,0,0
R_2EYCfowL9jpa7UR,20,1,filler_7_negative - ..3,1,1,0,0,0,0
R_5mIQuZFOZ2cQFDe,19,1,filler_7_negative - ..3,1,1,0,0,0,0
R_2OvgrO5H2OvsT3w,36,1,filler_7_negative - ..3,1,1,0,0,0,0
R_42yrRdgfygClf3G,41,1,filler_7_negative - ..3,5,0,0,0,0,1
R_85HH2FQEC3EG6mc,43,1,filler_7_negative - ..3,1,1,0,0,0,0
R_1OkRuABVIumPQf8,39,1,filler_7_negative - ..3,2,0,1,0,0,0
R_2fIPpG3MxMuUQoX,67,1,filler_7_negative - ..3,1,1,0,0,0,0
R_4zzN3WgLF5yxBzX,41,1,filler_7_negative - ..3,4,0,0,0,1,0
R_47CbnoiPoyaLWlr,63,1,filler_7_negative - ..3,1,1,0,0,0,0
R_4fAKziRoM5ZA7pP,59,1,filler_7_negative - ..3,1,1,0,0,0,0
R_2mW51cWv6hIQx1L,30,1,filler_8_negative - ..3,1,1,0,0,0,0
R_5C9dsc5zpAfAKwe,45,1,filler_8_negative - ..3,1,1,0,0,0,0
R_4B96pvFjmL41ImB,18,1,filler_8_negative - ..3,1,1,0,0,0,0
R_4sbAUi24NiQIfrO,20,1,filler_8_negative - ..3,1,1,0,0,0,0
R_2EYCfowL9jpa7UR,20,1,filler_8_negative - ..3,1,1,0,0,0,0
R_5mIQuZFOZ2cQFDe,19,1,filler_8_negative - ..3,1,1,0,0,0,0
R_2OvgrO5H2OvsT3w,36,1,filler_8_negative - ..3,1,1,0,0,0,0
R_42yrRdgfygClf3G,41,1,filler_8_negative - ..3,5,0,0,0,0,1
R_85HH2FQEC3EG6mc,43,1,filler_8_negative - ..3,1,1,0,0,0,0
R_1OkRuABVIumPQf8,39,1,filler_8_negative - ..3,2,0,1,0,0,0
R_2fIPpG3MxMuUQoX,67,1,filler_8_negative - ..3,1,1,0,0,0,0
R_4zzN3WgLF5yxBzX,41,1,filler_8_negative - ..3,1,1,0,0,0,0
R_47CbnoiPoyaLWlr,63,1,filler_8_negative - ..3,1,1,0,0,0,0
R_4fAKziRoM5ZA7pP,59,1,filler_8_negative - ..3,2,0,1,0,0,0
