StartDate,EndDate,Status,IPAddress,Progress,Duration (in seconds),Finished,RecordedDate,ResponseId,RecipientLastName,RecipientFirstName,RecipientEmail,ExternalReference,LocationLatitude,LocationLongitude,DistributionChannel,UserLanguage," "," ",111_1,222_1,333_1,444_1,555_1,666_1,777_1,888_1,999_1,101010_1,1111111_1,121212_1,131313_1,141414_1,151515_1,161616_1,ff1_1,ff2_1,ff3_1,ff4_1,ff5_1,ff6_1,ff7_1,ff8_1,1_1,2_1,3_1,4_1,Q185_1,Q186_1,Q187_1,Q188_1,Q189_1,Q190_1,11_1,Q192_1,Q193_1,Q194_1,Q195_1,Q196_1,f1_1,f2_1,f3_1,f4_1,f5_1,f6_1,f7_1,f8_1,Q2.1_1,Q2.2_1,Q2.3_1,Q2.4_1,Q2.5_1,Q2.6_1,Q2.7_1,Q2.8_1,Q2.9_1,Q2.10_1,Q2.11_1,Q2.12_1,Q2.13_1,Q2.14_1,Q2.15_1,Q2.16_1,Q2.17_1,Q2.18_1,Q2.21_1,Q2.23_1,Q2.26_1,Q2.27_1,Q2.29_1,Q2.32_1,Q1_1,Q2_1,Q3_1,Q4_1,Q5_1,Q6_1,Q7_1,Q8_1,Q9_1,Q10_1,Q11_1,Q12_1,Q13_1,Q14_1,Q15_1,Q16_1,Q17_1,Q18_1,Q19_1,Q20_1,Q21_1,Q22_1,Q23_1,Q24_1,SC0
Start Date,End Date,Response Type,IP Address,Progress,Duration (in seconds),Finished,Recorded Date,Response ID,Recipient Last Name,Recipient First Name,Recipient Email,External Data Reference,Location Latitude,Location Longitude,Distribution Channel,User Language,age,distr,remote_wdot_q1 - .,close_nodot_q2 - .,remote_nodot_q3 - .,close_wdot_q4 - .,remote_wdot_q5 - .,close_nodot_q6 - .,remote_nodot_q7 - .,close_wdot_q8 - .,remote_wdot_q9 - .,close_nodot_q10 - .,remote_nodot_q11 - .,close_wdot_q12 - .,remote_wdot_q13 - .,close_nodot_q14 - .,remote_nodot_q15 - .,close_wdot_q16 - .,filler_1_positive - .,filler_2_positive - .,filler_3_negative - .,filler_4_negative - .,filler_5_positive - .,filler_6_positive - .,filler_7_negative - .,filler_8_negative - .,close_wdot_q1 - .,remote_wdot_q2 - .,close_nodot_q3 - .,remote_nodot_q4 - .,close_wdot_q5 - .,remote_wdot_q6 - .,close_nodot_q7 - .,remote_nodot_q8 - .,close_wdot_q9 - .,remote_wdot_q10 - .,close_nodot_q11 - .,remote_nodot_q12 - .,close_wdot_q13 - .,remote_wdot_q14 - .,close_nodot_q15 - .,remote_nodot_q16 - .,filler_1_positive - .,filler_2_positive - .,filler_3_negative - .,filler_4_negative - .,filler_5_positive - .,filler_6_positive - .,filler_7_negative - .,filler_8_negative - .,remote_nodot_q1 - .,close_wdot_q2 - .,remote_wdot_q3 - .,close_nodot_q4 - .,remote_nodot_q5 - .,close_wdot_q6 - .,remote_wdot_q7 - .,close_nodot_q8 - .,remote_nodot_q9 - .,close_wdot_q10 - .,remote_wdot_q11 - .,close_nodot_q12 - .,remote_nodot_q13 - .,close_wdot_q14 - .,remote_wdot_q15 - .,close_nodot_q16 - .,filler_1_positive - .,filler_2_positive - .,filler_3_negative - .,filler_4_negative - .,filler_5_positive - .,filler_6_positive - .,filler_7_negative - .,filler_8_negative - .,close_nodot_q1 - .,remote_nodot_q2 - .,close_wdot_q3 - .,remote_wdot_q4 - .,close_nodot_q5 - .,remote_nodot_q6 - .,close_wdot_q7 - .,remote_wdot_q8 - /.,close_nodot_q9 - .,remote_nodot_q10 - .,close_wdot_q11 - .,remote_wdot_q1 - .,close_nodot_q13 - .,remote_nodot_q14 - .,close_wdot_q15 - .,remote_wdot_q16 - .,filler_1_positive - .,filler_2_positive - .,filler_3_negative - .,filler_4_negative - .,filler_5_positive - .,filler_6_positive - .,filler_7_negative - .,filler_8_negative - .,Score
"{""ImportId"":""startDate"",""timeZone"":""Asia/Yekaterinburg""}","{""ImportId"":""endDate"",""timeZone"":""Asia/Yekaterinburg""}","{""ImportId"":""status""}","{""ImportId"":""ipAddress""}","{""ImportId"":""progress""}","{""ImportId"":""duration""}","{""ImportId"":""finished""}","{""ImportId"":""recordedDate"",""timeZone"":""Asia/Yekaterinburg""}","{""ImportId"":""_recordId""}","{""ImportId"":""recipientLastName""}","{""ImportId"":""recipientFirstName""}","{""ImportId"":""recipientEmail""}","{""ImportId"":""externalDataReference""}","{""ImportId"":""locationLatitude""}","{""ImportId"":""locationLongitude""}","{""ImportId"":""distributionChannel""}","{""ImportId"":""userLanguage""}","{""ImportId"":""QID180_TEXT""}","{""ImportId"":""QID34""}","{""ImportId"":""QID186_1""}","{""ImportId"":""QID206_1""}","{""ImportId"":""QID207_1""}","{""ImportId"":""QID208_1""}","{""ImportId"":""QID209_1""}","{""ImportId"":""QID210_1""}","{""ImportId"":""QID211_1""}","{""ImportId"":""QID212_1""}","{""ImportId"":""QID213_1""}","{""ImportId"":""QID214_1""}","{""ImportId"":""QID215_1""}","{""ImportId"":""QID216_1""}","{""ImportId"":""QID217_1""}","{""ImportId"":""QID218_1""}","{""ImportId"":""QID219_1""}","{""ImportId"":""QID220_1""}","{""ImportId"":""QID221_1""}","{""ImportId"":""QID222_1""}","{""ImportId"":""QID223_1""}","{""ImportId"":""QID224_1""}","{""ImportId"":""QID225_1""}","{""ImportId"":""QID226_1""}","{""ImportId"":""QID227_1""}","{""ImportId"":""QID228_1""}","{""ImportId"":""QID182_1""}","{""ImportId"":""QID230_1""}","{""ImportId"":""QID231_1""}","{""ImportId"":""QID232_1""}","{""ImportId"":""QID233_1""}","{""ImportId"":""QID234_1""}","{""ImportId"":""QID235_1""}","{""ImportId"":""QID237_1""}","{""ImportId"":""QID238_1""}","{""ImportId"":""QID239_1""}","{""ImportId"":""QID240_1""}","{""ImportId"":""QID241_1""}","{""ImportId"":""QID242_1""}","{""ImportId"":""QID243_1""}","{""ImportId"":""QID244_1""}","{""ImportId"":""QID245_1""}","{""ImportId"":""QID246_1""}","{""ImportId"":""QID247_1""}","{""ImportId"":""QID248_1""}","{""ImportId"":""QID249_1""}","{""ImportId"":""QID250_1""}","{""ImportId"":""QID251_1""}","{""ImportId"":""QID252_1""}","{""ImportId"":""QID253_1""}","{""ImportId"":""QID35_1""}","{""ImportId"":""QID93_1""}","{""ImportId"":""QID94_1""}","{""ImportId"":""QID95_1""}","{""ImportId"":""QID96_1""}","{""ImportId"":""QID97_1""}","{""ImportId"":""QID98_1""}","{""ImportId"":""QID99_1""}","{""ImportId"":""QID100_1""}","{""ImportId"":""QID102_1""}","{""ImportId"":""QID103_1""}","{""ImportId"":""QID104_1""}","{""ImportId"":""QID105_1""}","{""ImportId"":""QID106_1""}","{""ImportId"":""QID107_1""}","{""ImportId"":""QID108_1""}","{""ImportId"":""QID129_1""}","{""ImportId"":""QID130_1""}","{""ImportId"":""QID133_1""}","{""ImportId"":""QID135_1""}","{""ImportId"":""QID138_1""}","{""ImportId"":""QID139_1""}","{""ImportId"":""QID141_1""}","{""ImportId"":""QID144_1""}","{""ImportId"":""QID15_1""}","{""ImportId"":""QID16_1""}","{""ImportId"":""QID17_1""}","{""ImportId"":""QID19_1""}","{""ImportId"":""QID20_1""}","{""ImportId"":""QID21_1""}","{""ImportId"":""QID22_1""}","{""ImportId"":""QID23_1""}","{""ImportId"":""QID24_1""}","{""ImportId"":""QID25_1""}","{""ImportId"":""QID26_1""}","{""ImportId"":""QID27_1""}","{""ImportId"":""QID29_1""}","{""ImportId"":""QID30_1""}","{""ImportId"":""QID31_1""}","{""ImportId"":""QID32_1""}","{""ImportId"":""QID163_1""}","{""ImportId"":""QID164_1""}","{""ImportId"":""QID168_1""}","{""ImportId"":""QID170_1""}","{""ImportId"":""QID173_1""}","{""ImportId"":""QID174_1""}","{""ImportId"":""QID176_1""}","{""ImportId"":""QID179_1""}","{""ImportId"":""SC_ezzOQn62MthQU2W""}"
2024-04-03 23:28:49,2024-04-03 23:32:30,0,185.48.148.172,100,221,1,2024-04-03 23:32:31,R_3DYWGifuvL5fl12,,,,,51.1876,71.4491,anonymous,EN,20,4,3,3,2,2,3,3,3,2,3,3,3,2,2,3,3,2,4,5,1,1,5,4,1,1,,,,,,,,,,,,,,,,,,,,,,,,,,,,,,,,,,,,,,,,,,,,,,,,,,,,,,,,,,,,,,,,,,,,,,,,,220
2024-04-03 23:34:51,2024-04-03 23:38:36,0,185.48.148.173,100,224,1,2024-04-03 23:38:37,R_40IT4ou2iyqk0v6,,,,,51.1876,71.4491,anonymous,EN,23,3,,,,,,,,,,,,,,,,,,,,,,,,,4,3,4,3,3,4,3,3,3,2,3,3,3,3,3,3,5,3,1,2,4,5,1,1,,,,,,,,,,,,,,,,,,,,,,,,,,,,,,,,,,,,,,,,,,,,,,,,,220
2024-04-03 23:51:28,2024-04-03 23:55:42,0,37.150.191.242,100,254,1,2024-04-03 23:55:43,R_8XhW6eGzhkWL3Ov,,,,,51.1876,71.4491,anonymous,EN,21,4,3,3,3,3,3,3,3,3,3,3,3,2,2,1,3,3,4,5,1,1,4,4,1,1,,,,,,,,,,,,,,,,,,,,,,,,,,,,,,,,,,,,,,,,,,,,,,,,,,,,,,,,,,,,,,,,,,,,,,,,,210
2024-04-04 00:28:49,2024-04-04 00:32:24,0,185.48.148.184,100,215,1,2024-04-04 00:32:25,R_3AFqXtzplx5MIQN,,,,,51.1876,71.4491,anonymous,EN,21,4,3,3,4,4,3,3,3,3,3,1,3,3,3,2,3,2,5,5,1,1,5,4,1,1,,,,,,,,,,,,,,,,,,,,,,,,,,,,,,,,,,,,,,,,,,,,,,,,,,,,,,,,,,,,,,,,,,,,,,,,,230
2024-04-04 03:12:06,2024-04-04 03:16:38,0,87.255.216.84,100,271,1,2024-04-04 03:16:39,R_6O3ugSVaEijQ1hf,,,,,51.1876,71.4491,anonymous,EN,21,3,,,,,,,,,,,,,,,,,,,,,,,,,3,4,2,4,4,3,4,4,4,3,4,2,1,2,3,4,3,5,1,3,5,5,1,1,,,,,,,,,,,,,,,,,,,,,,,,,,,,,,,,,,,,,,,,,,,,,,,,,240
2024-04-04 23:00:33,2024-04-04 23:02:55,0,87.255.216.73,100,142,1,2024-04-04 23:02:56,R_83IS0qnzWu2X1Nn,,,,,51.1876,71.4491,anonymous,EN,22,3,,,,,,,,,,,,,,,,,,,,,,,,,5,5,5,5,5,5,5,5,5,5,5,5,4,5,5,4,5,5,2,1,5,5,2,1,,,,,,,,,,,,,,,,,,,,,,,,,,,,,,,,,,,,,,,,,,,,,,,,,260
2024-04-08 20:48:39,2024-04-08 20:55:10,0,89.218.59.148,100,391,1,2024-04-08 20:55:11,R_2mW51cWv6hIQx1L,,,,,51.1876,71.4491,anonymous,EN,30,1,,,,,,,,,,,,,,,,,,,,,,,,,,,,,,,,,,,,,,,,,,,,,,,,,,,,,,,,,,,,,,,,,,,,,,,,,5,3,4,4,5,4,5,5,3,3,4,4,2,4,4,2,5,5,2,1,5,5,1,1,250
2024-04-08 20:56:12,2024-04-08 21:01:44,0,92.47.225.247,100,332,1,2024-04-08 21:01:45,R_4ttDgD9YLS4mpBM,,,,,42.8967,71.3575,anonymous,EN,47,4,5,4,5,5,5,5,5,5,5,4,5,3,2,4,5,5,5,5,2,2,5,5,2,1,,,,,,,,,,,,,,,,,,,,,,,,,,,,,,,,,,,,,,,,,,,,,,,,,,,,,,,,,,,,,,,,,,,,,,,,,270
2024-04-08 21:05:49,2024-04-08 21:10:01,0,95.82.69.240,100,251,1,2024-04-08 21:10:02,R_24TnGqQqiz9CLhD,,,,,51.1876,71.4491,anonymous,EN,18,2,,,,,,,,,,,,,,,,,,,,,,,,,,,,,,,,,,,,,,,,,,,,,,,,,3,3,4,5,4,4,3,5,2,5,4,2,2,1,4,3,5,5,1,1,4,5,1,1,,,,,,,,,,,,,,,,,,,,,,,,,230
2024-04-08 21:06:29,2024-04-08 21:11:12,0,176.222.167.125,100,283,1,2024-04-08 21:11:12,R_3g6i7kJ2vWAIevp,,,,,53.2852,69.3922,anonymous,EN,20,2,,,,,,,,,,,,,,,,,,,,,,,,,,,,,,,,,,,,,,,,,,,,,,,,,4,3,4,4,3,2,3,3,3,3,3,3,2,2,3,4,4,4,1,1,4,4,1,1,,,,,,,,,,,,,,,,,,,,,,,,,200
2024-04-08 21:03:43,2024-04-08 21:12:41,0,95.57.232.141,100,538,1,2024-04-08 21:12:42,R_4rwkKGDJKak04rS,,,,,49.7989,73.0994,anonymous,EN,42,4,4,4,4,4,2,4,4,5,4,4,4,4,2,4,4,4,4,4,1,2,5,4,1,2,,,,,,,,,,,,,,,,,,,,,,,,,,,,,,,,,,,,,,,,,,,,,,,,,,,,,,,,,,,,,,,,,,,,,,,,,230
2024-04-08 21:16:02,2024-04-08 21:26:08,0,5.34.125.92,100,605,1,2024-04-08 21:26:08,R_5C9dsc5zpAfAKwe,,,,,51.1876,71.4491,anonymous,EN,,1,,,,,,,,,,,,,,,,,,,,,,,,,,,,,,,,,,,,,,,,,,,,,,,,,,,,,,,,,,,,,,,,,,,,,,,,,5,4,3,5,4,4,4,4,3,4,3,4,2,4,4,2,5,5,3,1,5,5,1,1,260
2024-04-08 21:22:51,2024-04-08 21:27:01,0,185.48.148.203,100,250,1,2024-04-08 21:27:02,R_4rIGlSythzgWb8I,,,,,51.1876,71.4491,anonymous,EN,22,3,,,,,,,,,,,,,,,,,,,,,,,,,3,2,4,4,2,2,5,4,2,2,3,3,2,2,3,2,5,5,2,2,5,4,1,1,,,,,,,,,,,,,,,,,,,,,,,,,,,,,,,,,,,,,,,,,,,,,,,,,250
2024-04-08 21:16:16,2024-04-08 21:27:25,0,5.34.125.92,100,669,1,2024-04-08 21:27:26,R_3U88hGIJXb5kvHb,,,,,51.1876,71.4491,anonymous,EN,45,2,,,,,,,,,,,,,,,,,,,,,,,,,,,,,,,,,,,,,,,,,,,,,,,,,4,3,4,4,4,4,3,4,5,2,3,4,3,3,3,4,5,5,2,3,5,5,1,1,,,,,,,,,,,,,,,,,,,,,,,,,270
2024-04-08 21:31:09,2024-04-08 21:35:03,0,87.255.216.75,100,233,1,2024-04-08 21:35:03,R_1GNeMdAFTRhAgE1,,,,,51.1876,71.4491,anonymous,EN,22,3,,,,,,,,,,,,,,,,,,,,,,,,,3,1,3,3,2,2,3,1,2,2,2,1,2,2,1,3,5,4,1,1,5,5,1,1,,,,,,,,,,,,,,,,,,,,,,,,,,,,,,,,,,,,,,,,,,,,,,,,,230
2024-04-08 21:21:45,2024-04-08 21:39:48,0,2.134.53.32,100,1082,1,2024-04-08 21:39:49,R_4nln6h6pbte3TAT,,,,,42.8967,71.3575,anonymous,EN,27,4,5,4,4,4,5,5,5,5,5,4,5,4,4,4,5,5,5,5,1,1,5,4,1,1,,,,,,,,,,,,,,,,,,,,,,,,,,,,,,,,,,,,,,,,,,,,,,,,,,,,,,,,,,,,,,,,,,,,,,,,,230
2024-04-08 21:38:54,2024-04-08 21:44:10,0,213.211.99.8,100,316,1,2024-04-08 21:44:11,R_4B96pvFjmL41ImB,,,,,43.2433,76.8646,anonymous,EN,18,1,,,,,,,,,,,,,,,,,,,,,,,,,,,,,,,,,,,,,,,,,,,,,,,,,,,,,,,,,,,,,,,,,,,,,,,,,3,3,2,2,3,4,2,1,3,2,,,3,3,1,1,5,5,2,3,4,4,1,1,250
2024-04-08 21:45:57,2024-04-08 21:50:00,0,185.48.148.203,100,242,1,2024-04-08 21:50:00,R_6friZsPaUWfhnxB,,,,,51.1876,71.4491,anonymous,EN,19,3,,,,,,,,,,,,,,,,,,,,,,,,,5,2,5,5,5,4,3,5,3,3,4,4,3,3,5,5,5,5,1,3,5,5,1,1,,,,,,,,,,,,,,,,,,,,,,,,,,,,,,,,,,,,,,,,,,,,,,,,,260
2024-04-08 21:50:28,2024-04-08 21:54:03,0,5.34.1.0,100,215,1,2024-04-08 21:54:04,R_3pX1aRVzXGtQEnA,,,,,51.1876,71.4491,anonymous,EN,20,4,3,5,5,5,5,3,5,5,3,5,4,3,3,4,5,3,5,5,2,3,5,5,1,1,,,,,,,,,,,,,,,,,,,,,,,,,,,,,,,,,,,,,,,,,,,,,,,,,,,,,,,,,,,,,,,,,,,,,,,,,270
2024-04-08 21:53:06,2024-04-08 22:01:33,0,95.58.190.5,100,506,1,2024-04-08 22:01:34,R_2jo4oFe1KLPi037,,,,,53.2852,69.3922,anonymous,EN,,3,,,,,,,,,,,,,,,,,,,,,,,,,4,3,4,4,4,3,2,3,4,3,4,3,3,2,2,4,5,4,1,1,5,5,1,2,,,,,,,,,,,,,,,,,,,,,,,,,,,,,,,,,,,,,,,,,,,,,,,,,240
2024-04-08 21:50:23,2024-04-08 22:09:17,0,185.48.148.203,100,1133,1,2024-04-08 22:09:18,R_1cnYXOduivuMrp7,,,,,51.1876,71.4491,anonymous,EN,20,2,,,,,,,,,,,,,,,,,,,,,,,,,,,,,,,,,,,,,,,,,,,,,,,,,1,2,4,3,3,3,3,3,3,2,3,3,3,2,2,3,5,4,1,2,5,4,1,1,,,,,,,,,,,,,,,,,,,,,,,,,230
2024-04-08 22:04:51,2024-04-08 22:12:06,0,31.132.91.208,100,434,1,2024-04-08 22:12:06,R_8KKiZfxuOX99bRn,,,,,42.8967,71.3575,anonymous,EN,37,3,,,,,,,,,,,,,,,,,,,,,,,,,4,5,5,5,3,3,5,4,5,3,4,5,4,5,5,5,5,5,1,1,5,4,1,1,,,,,,,,,,,,,,,,,,,,,,,,,,,,,,,,,,,,,,,,,,,,,,,,,230
2024-04-08 22:10:36,2024-04-08 22:14:49,0,185.48.148.172,100,252,1,2024-04-08 22:14:50,R_7Yyp4Y45eALX1kd,,,,,51.1876,71.4491,anonymous,EN,20,3,,,,,,,,,,,,,,,,,,,,,,,,,3,1,3,4,4,4,5,4,3,2,3,1,2,4,4,5,5,5,1,1,5,5,1,1,,,,,,,,,,,,,,,,,,,,,,,,,,,,,,,,,,,,,,,,,,,,,,,,,240
2024-04-08 22:08:17,2024-04-08 22:22:27,0,79.137.178.104,100,850,1,2024-04-08 22:22:28,R_8BsTK2rUjIFbhgA,,,,,42.8967,71.3575,anonymous,EN,43,2,,,,,,,,,,,,,,,,,,,,,,,,,,,,,,,,,,,,,,,,,,,,,,,,,3,3,4,4,4,3,3,4,4,3,3,3,2,3,3,3,5,5,1,1,5,5,1,1,,,,,,,,,,,,,,,,,,,,,,,,,240
2024-04-08 22:04:07,2024-04-08 22:25:50,0,79.137.178.104,100,1303,1,2024-04-08 22:25:51,R_3yJKf6E7UZXmlu9,,,,,42.8967,71.3575,anonymous,EN,43,2,,,,,,,,,,,,,,,,,,,,,,,,,,,,,,,,,,,,,,,,,,,,,,,,,3,3,4,3,3,3,3,3,3,3,3,3,2,3,3,3,5,5,1,1,5,5,1,1,,,,,,,,,,,,,,,,,,,,,,,,,240
2024-04-08 22:27:50,2024-04-08 22:31:36,0,178.89.151.219,100,225,1,2024-04-08 22:31:36,R_4TcQg7XYWfQ6ZVf,,,,,51.1876,71.4491,anonymous,EN,18,3,,,,,,,,,,,,,,,,,,,,,,,,,3,2,3,4,3,3,3,3,3,2,3,3,3,3,3,3,4,4,1,2,4,4,1,1,,,,,,,,,,,,,,,,,,,,,,,,,,,,,,,,,,,,,,,,,,,,,,,,,210
2024-04-08 21:51:31,2024-04-08 22:34:44,0,87.255.216.84,100,2593,1,2024-04-08 22:34:45,R_1UlW95AWQWqgYE1,,,,,51.1876,71.4491,anonymous,EN,20,3,,,,,,,,,,,,,,,,,,,,,,,,,4,3,3,4,2,3,4,3,4,1,4,2,2,3,3,4,5,5,1,3,5,5,1,1,,,,,,,,,,,,,,,,,,,,,,,,,,,,,,,,,,,,,,,,,,,,,,,,,260
2024-04-08 22:40:28,2024-04-08 22:44:48,0,37.150.186.45,100,259,1,2024-04-08 22:44:49,R_4lmivGixZawWJnZ,,,,,51.1876,71.4491,anonymous,EN,19,2,,,,,,,,,,,,,,,,,,,,,,,,,,,,,,,,,,,,,,,,,,,,,,,,,3,2,3,5,3,4,3,4,1,1,1,3,1,1,3,4,4,5,3,1,5,4,1,1,,,,,,,,,,,,,,,,,,,,,,,,,240
2024-04-08 22:42:31,2024-04-08 22:47:25,0,79.133.189.244,100,294,1,2024-04-08 22:47:26,R_2e4iQ2UGwO9DU2d,,,,,42.8967,71.3575,anonymous,EN,45,3,,,,,,,,,,,,,,,,,,,,,,,,,3,3,4,4,4,3,3,3,4,3,3,3,3,3,3,3,5,5,1,1,5,5,1,1,,,,,,,,,,,,,,,,,,,,,,,,,,,,,,,,,,,,,,,,,,,,,,,,,240
2024-04-08 23:32:01,2024-04-08 23:35:20,0,212.96.82.19,100,198,1,2024-04-08 23:35:20,R_4sbAUi24NiQIfrO,,,,,51.1876,71.4491,anonymous,EN,20,1,,,,,,,,,,,,,,,,,,,,,,,,,,,,,,,,,,,,,,,,,,,,,,,,,,,,,,,,,,,,,,,,,,,,,,,,,4,4,3,3,4,4,2,4,3,3,4,2,3,4,3,3,5,5,3,2,5,5,1,1,270
2024-04-09 07:48:39,2024-04-09 07:52:04,0,87.255.216.104,100,204,1,2024-04-09 07:52:04,R_2rwc0aGnzyearY2,,,,,51.1876,71.4491,anonymous,EN,18,2,,,,,,,,,,,,,,,,,,,,,,,,,,,,,,,,,,,,,,,,,,,,,,,,,3,3,4,3,3,3,3,3,3,3,3,3,3,3,3,4,5,5,1,1,5,4,2,1,,,,,,,,,,,,,,,,,,,,,,,,,240
2024-04-09 10:50:07,2024-04-09 10:54:11,0,87.255.216.86,100,243,1,2024-04-09 10:54:11,R_5gIsO3DRojSUcwE,,,,,51.1876,71.4491,anonymous,EN,19,3,,,,,,,,,,,,,,,,,,,,,,,,,5,3,5,5,4,5,5,4,5,1,5,4,5,4,5,5,5,5,1,1,4,5,1,1,,,,,,,,,,,,,,,,,,,,,,,,,,,,,,,,,,,,,,,,,,,,,,,,,230
2024-04-09 18:22:21,2024-04-09 18:25:53,0,87.255.216.74,100,211,1,2024-04-09 18:25:54,R_2EYCfowL9jpa7UR,,,,,51.1876,71.4491,anonymous,EN,20,1,,,,,,,,,,,,,,,,,,,,,,,,,,,,,,,,,,,,,,,,,,,,,,,,,,,,,,,,,,,,,,,,,,,,,,,,,2,2,2,4,3,3,3,1,2,1,2,1,1,1,2,1,4,5,1,1,5,4,1,1,220
2024-04-09 01:10:43,2024-04-09 19:29:00,0,79.133.187.5,100,65897,1,2024-04-09 19:29:01,R_382gVwL48hx2Xfj,,,,,42.8967,71.3575,anonymous,EN,42,2,,,,,,,,,,,,,,,,,,,,,,,,,,,,,,,,,,,,,,,,,,,,,,,,,4,3,3,3,5,4,5,5,3,5,4,4,2,4,4,3,4,4,1,1,3,3,1,1,,,,,,,,,,,,,,,,,,,,,,,,,180
2024-04-02 23:08:07,2024-04-02 23:53:33,0,185.48.148.172,18,2726,0,2024-04-09 23:53:36,R_4FJxSgw3JSeyg6a,,,,,,,anonymous,EN,22,3,,,,,,,,,,,,,,,,,,,,,,,,,,,,,,,,,,,,,,,,,,,,,,,,,,,,,,,,,,,,,,,,,,,,,,,,,,,,,,,,,,,,,,,,,,,,,,,,,
2024-04-10 00:16:52,2024-04-10 00:21:02,0,87.255.216.72,100,249,1,2024-04-10 00:21:03,R_8RmX1kXZvyuSHAa,,,,,51.1876,71.4491,anonymous,EN,23,4,3,3,4,4,4,3,3,3,3,3,3,3,2,2,3,3,5,5,1,1,5,5,1,1,,,,,,,,,,,,,,,,,,,,,,,,,,,,,,,,,,,,,,,,,,,,,,,,,,,,,,,,,,,,,,,,,,,,,,,,,240
2024-04-02 23:45:37,2024-04-02 23:50:45,0,87.255.216.75,84,308,0,2024-04-10 00:32:20,R_28ZJ8Qg6p6VIvX7,,,,,,,anonymous,EN,21,2,,,,,,,,3,,,,,,,,,,,3,,,,3,,,,,,,,,,,,,,,,,,,,,,,,,,1,1,1,,1,1,1,1,1,1,1,1,1,1,1,1,1,,,1,,1,1,1,,,,,,,,,,,,,,,,,,,,,,,,,110
2024-04-10 00:39:24,2024-04-10 00:43:01,0,87.255.216.73,100,217,1,2024-04-10 00:43:01,R_5mIQuZFOZ2cQFDe,,,,,51.1876,71.4491,anonymous,EN,19,1,,,,,,,,,,,,,,,,,,,,,,,,,,,,,,,,,,,,,,,,,,,,,,,,,,,,,,,,,,,,,,,,,,,,,,,,,4,4,4,2,3,3,2,3,4,3,3,2,3,4,3,3,4,4,1,1,4,4,1,1,200
2024-04-10 13:12:03,2024-04-10 13:33:04,0,178.90.195.76,100,1260,1,2024-04-10 13:33:05,R_5JJxWxL7uxKTEu5,,,,,51.1876,71.4491,anonymous,EN,24,2,,,,,,,,,,,,,,,,,,,,,,,,,,,,,,,,,,,,,,,,,,,,,,,,,3,3,5,4,3,3,3,4,2,2,3,3,3,2,3,3,5,5,1,1,5,5,1,1,,,,,,,,,,,,,,,,,,,,,,,,,240
2024-04-10 18:40:08,2024-04-10 18:46:41,0,212.96.74.113,100,393,1,2024-04-10 18:46:42,R_6LC1TaErxwlm9wV,,,,,51.1876,71.4491,anonymous,EN,47,4,3,3,3,3,3,3,3,3,3,4,3,3,3,3,3,4,5,5,1,1,5,5,1,1,,,,,,,,,,,,,,,,,,,,,,,,,,,,,,,,,,,,,,,,,,,,,,,,,,,,,,,,,,,,,,,,,,,,,,,,,240
2024-04-08 20:47:41,2024-04-10 18:48:00,0,95.82.71.97,100,165618,1,2024-04-10 18:48:01,R_2OvgrO5H2OvsT3w,,,,,51.1876,71.4491,anonymous,EN,36,1,,,,,,,,,,,,,,,,,,,,,,,,,,,,,,,,,,,,,,,,,,,,,,,,,,,,,,,,,,,,,,,,,,,,,,,,,4,4,3,3,4,3,3,4,4,4,3,4,2,4,4,2,5,5,1,2,5,5,1,1,250
2024-04-10 18:52:14,2024-04-10 18:56:00,0,95.59.92.76,100,226,1,2024-04-10 18:56:01,R_4LX8Z3Ge96cImJS,,,,,51.1876,71.4491,anonymous,EN,52,4,3,3,3,3,3,3,3,3,3,3,3,3,3,3,3,3,5,5,1,1,5,3,1,1,,,,,,,,,,,,,,,,,,,,,,,,,,,,,,,,,,,,,,,,,,,,,,,,,,,,,,,,,,,,,,,,,,,,,,,,,220
2024-04-10 19:02:10,2024-04-10 19:03:29,0,95.59.191.232,100,79,1,2024-04-10 19:03:29,R_42yrRdgfygClf3G,,,,,53.2852,69.3922,anonymous,EN,41,1,,,,,,,,,,,,,,,,,,,,,,,,,,,,,,,,,,,,,,,,,,,,,,,,,,,,,,,,,,,,,,,,,,,,,,,,,5,5,5,5,5,5,5,5,5,5,5,5,5,5,5,5,5,5,5,5,5,5,5,5,400
2024-04-10 18:56:11,2024-04-10 19:05:02,0,85.193.120.91,100,530,1,2024-04-10 19:05:03,R_2fpxDwywr8phdhp,,,,,42.2994,69.606,anonymous,EN,38,4,4,3,3,4,4,3,3,3,3,4,3,3,3,3,3,4,5,5,1,1,5,5,1,1,,,,,,,,,,,,,,,,,,,,,,,,,,,,,,,,,,,,,,,,,,,,,,,,,,,,,,,,,,,,,,,,,,,,,,,,,240
2024-04-10 19:06:11,2024-04-10 19:09:23,0,89.218.59.147,100,191,1,2024-04-10 19:09:23,R_85HH2FQEC3EG6mc,,,,,51.1876,71.4491,anonymous,EN,43,1,,,,,,,,,,,,,,,,,,,,,,,,,,,,,,,,,,,,,,,,,,,,,,,,,,,,,,,,,,,,,,,,,,,,,,,,,4,4,3,4,4,4,4,4,2,3,4,3,3,4,4,3,5,4,1,2,5,5,1,1,240
2024-04-10 18:56:28,2024-04-10 19:11:58,0,90.131.39.55,100,930,1,2024-04-10 19:11:59,R_1OkRuABVIumPQf8,,,,,54.6912,25.2816,anonymous,EN,39,1,,,,,,,,,,,,,,,,,,,,,,,,,,,,,,,,,,,,,,,,,,,,,,,,,,,,,,,,,,,,,,,,,,,,,,,,,5,4,4,4,4,3,4,4,3,4,5,4,5,4,5,4,5,5,4,5,5,5,2,2,330
2024-04-10 19:10:56,2024-04-10 19:15:30,0,79.137.178.104,100,274,1,2024-04-10 19:15:32,R_2fIPpG3MxMuUQoX,,,,,42.8967,71.3575,anonymous,EN,67,1,,,,,,,,,,,,,,,,,,,,,,,,,,,,,,,,,,,,,,,,,,,,,,,,,,,,,,,,,,,,,,,,,,,,,,,,,3,4,3,3,3,3,3,3,3,3,3,4,3,3,4,4,5,5,1,2,5,5,1,1,250
2024-04-10 19:13:45,2024-04-10 19:18:04,0,95.59.191.232,100,259,1,2024-04-10 19:18:05,R_4zzN3WgLF5yxBzX,,,,,53.2852,69.3922,anonymous,EN,41,1,,,,,,,,,,,,,,,,,,,,,,,,,,,,,,,,,,,,,,,,,,,,,,,,,,,,,,,,,,,,,,,,,,,,,,,,,3,3,4,4,5,4,3,3,2,1,4,3,2,2,5,5,5,3,1,1,4,5,4,1,240
2024-04-10 19:25:23,2024-04-10 19:27:35,0,87.255.216.75,100,131,1,2024-04-10 19:27:36,R_42TLf4KJOjpWLTj,,,,,51.1876,71.4491,anonymous,EN,31,2,,,,,,,,,,,,,,,,,,,,,,,,,,,,,,,,,,,,,,,,,,,,,,,,,3,3,3,5,4,3,4,3,4,3,4,4,3,4,4,4,5,5,1,1,5,5,1,1,,,,,,,,,,,,,,,,,,,,,,,,,240
2024-04-10 19:22:41,2024-04-10 19:32:20,0,5.34.52.102,100,579,1,2024-04-10 19:32:21,R_47CbnoiPoyaLWlr,,,,,42.8967,71.3575,anonymous,EN,63,1,,,,,,,,,,,,,,,,,,,,,,,,,,,,,,,,,,,,,,,,,,,,,,,,,,,,,,,,,,,,,,,,,,,,,,,,,3,4,3,4,3,3,3,3,3,3,3,4,2,4,4,3,5,5,1,1,5,4,1,1,230
2024-04-10 19:33:23,2024-04-10 19:38:14,0,5.34.52.102,100,290,1,2024-04-10 19:38:14,R_2L5tTdJnDai9NOw,,,,,42.8967,71.3575,anonymous,EN,34,4,2,3,4,3,3,3,3,3,2,3,3,3,2,1,3,2,5,5,1,1,4,4,2,1,,,,,,,,,,,,,,,,,,,,,,,,,,,,,,,,,,,,,,,,,,,,,,,,,,,,,,,,,,,,,,,,,,,,,,,,,230
2024-04-10 19:48:22,2024-04-10 19:53:25,0,95.58.190.5,100,303,1,2024-04-10 19:53:26,R_4fAKziRoM5ZA7pP,,,,,52.3564,71.8622,anonymous,EN,59,1,,,,,,,,,,,,,,,,,,,,,,,,,,,,,,,,,,,,,,,,,,,,,,,,,,,,,,,,,,,,,,,,,,,,,,,,,4,3,3,4,5,4,3,4,4,2,4,3,3,4,4,4,5,3,1,2,4,5,1,2,230
2024-04-10 19:50:09,2024-04-10 19:53:30,0,79.137.178.104,100,200,1,2024-04-10 19:53:30,R_1KU8ShenRlJUlJn,,,,,42.8967,71.3575,anonymous,EN,32,2,,,,,,,,,,,,,,,,,,,,,,,,,,,,,,,,,,,,,,,,,,,,,,,,,4,3,3,3,4,3,4,3,4,3,3,3,3,3,4,3,5,5,1,1,5,5,1,1,,,,,,,,,,,,,,,,,,,,,,,,,240
